Ticker,Company name,Share holder name,Share holder category,Jun/2026 No of shares,Mar/2026 No of shares,Dec/2025 No of shares,Jun/2025 No of shares,Sep/2025 No of shares,Basis,Confidence,Country,Entity type,Holding vehicle,Review?,Source
ADANIENT,Adani Enterprises Limited,Gautambhai Shantilal Adani and Rajeshbhai Shantilal Adani (on behalf of S.B. Adani Family Trust),Promoter,642133511,,,,,filing (token+numeric),high,IN,,,,"SEBI LODR Reg 31 shareholding pattern (Table II - Promoter & Promoter Group), as at 2026-06-30"
ADANIENT,Adani Enterprises Limited,Adani Tradeline Private Limited,Promoter,120351663,,,,,filing (token+numeric),high,IN,,,,"SEBI LODR Reg 31 shareholding pattern (Table II - Promoter & Promoter Group), as at 2026-06-30"
ADANIENT,Adani Enterprises Limited,Kempas Trade And Investment Ltd,Promoter,41467216,,,,,filing (token+numeric),high,IN,,,,"SEBI LODR Reg 31 shareholding pattern (Table II - Promoter & Promoter Group), as at 2026-06-30"
ADANIENT,Adani Enterprises Limited,Flourishing Trade And Investment Ltd,Promoter,38010224,,,,,filing (token+numeric),high,IN,,,,"SEBI LODR Reg 31 shareholding pattern (Table II - Promoter & Promoter Group), as at 2026-06-30"
ADANIENT,Adani Enterprises Limited,Afro Asia Trade And Investments Limited,Promoter,33879664,,,,,filing (token+numeric),high,IN,,,,"SEBI LODR Reg 31 shareholding pattern (Table II - Promoter & Promoter Group), as at 2026-06-30"
ADANIENT,Adani Enterprises Limited,Worldwide Emerging Market Holding Limited,Promoter,33879664,,,,,filing (token+numeric),high,IN,,,,"SEBI LODR Reg 31 shareholding pattern (Table II - Promoter & Promoter Group), as at 2026-06-30"
ADANIENT,Adani Enterprises Limited,Infinite Trade And Investment Ltd,Promoter,27219584,,,,,filing (token+numeric),high,IN,,,,"SEBI LODR Reg 31 shareholding pattern (Table II - Promoter & Promoter Group), as at 2026-06-30"
ADANIENT,Adani Enterprises Limited,Emerging Market Investment Dmcc,Promoter,21498400,,,,,filing (token+numeric),high,IN,,,,"SEBI LODR Reg 31 shareholding pattern (Table II - Promoter & Promoter Group), as at 2026-06-30"
ADANIENT,Adani Enterprises Limited,Adani Infra (India) Limited,Promoter,9000000,,,,,filing (token+numeric),high,IN,,,,"SEBI LODR Reg 31 shareholding pattern (Table II - Promoter & Promoter Group), as at 2026-06-30"
ADANIENT,Adani Enterprises Limited,Spitze Trade And Investment Limited,Promoter,4464320,,,,,filing (token+numeric),high,IN,,,,"SEBI LODR Reg 31 shareholding pattern (Table II - Promoter & Promoter Group), as at 2026-06-30"
ADANIENT,Adani Enterprises Limited,Hibiscus Trade And Investment Ltd,Promoter,2240000,,,,,filing (token+numeric),high,IN,,,,"SEBI LODR Reg 31 shareholding pattern (Table II - Promoter & Promoter Group), as at 2026-06-30"
ADANIENT,Adani Enterprises Limited,Adani Properties Private Limited,Promoter,90110,,,,,filing (token+numeric),high,IN,,,,"SEBI LODR Reg 31 shareholding pattern (Table II - Promoter & Promoter Group), as at 2026-06-30"
ADANIENT,Adani Enterprises Limited,Gelt Bery Trade And Investment Ltd,Promoter,156,,,,,filing (token+numeric),high,IN,,,,"SEBI LODR Reg 31 shareholding pattern (Table II - Promoter & Promoter Group), as at 2026-06-30"
ADANIENT,Adani Enterprises Limited,Pranav Vinod Adani,Promoter,10,,,,,filing (token+numeric),high,IN,,,,"SEBI LODR Reg 31 shareholding pattern (Table II - Promoter & Promoter Group), as at 2026-06-30"
ADANIENT,Adani Enterprises Limited,Karan Gautam Adani,Promoter,10,,,,,filing (token+numeric),high,IN,,,,"SEBI LODR Reg 31 shareholding pattern (Table II - Promoter & Promoter Group), as at 2026-06-30"
ADANIENT,Adani Enterprises Limited,Sagar Rajeshbhai Adani,Promoter,10,,,,,filing (token+numeric),high,IN,,,,"SEBI LODR Reg 31 shareholding pattern (Table II - Promoter & Promoter Group), as at 2026-06-30"
ADANIENT,Adani Enterprises Limited,Jeet Gautam Adani,Promoter,10,,,,,filing (token+numeric),high,IN,,,,"SEBI LODR Reg 31 shareholding pattern (Table II - Promoter & Promoter Group), as at 2026-06-30"
ADANIENT,Adani Enterprises Limited,Gautambhai Shantilal Adani,Promoter,1,,,,,filing (token+numeric),high,IN,,,,"SEBI LODR Reg 31 shareholding pattern (Table II - Promoter & Promoter Group), as at 2026-06-30"
ADANIENT,Adani Enterprises Limited,Rajeshbhai Shantilal Adani,Promoter,1,,,,,filing (token+numeric),high,IN,,,,"SEBI LODR Reg 31 shareholding pattern (Table II - Promoter & Promoter Group), as at 2026-06-30"
ADANIENT,Adani Enterprises Limited,Shri Gautam S. Adani/Smt.Priti G. Adani (on behalf of Gautam S. Adani Family Trust),Promoter,0,,,,,filing (token),high,IN,,,,"SEBI LODR Reg 31 shareholding pattern (Table II - Promoter & Promoter Group), as at 2026-06-30"
ADANIENT,Adani Enterprises Limited,Ardour Investment Holding Ltd,Promoter,0,,,,,filing (token),high,IN,,,,"SEBI LODR Reg 31 shareholding pattern (Table II - Promoter & Promoter Group), as at 2026-06-30"
ADANIENT,Adani Enterprises Limited,Life Insurance Corporation Of India,Domestic Insurance,45510920,,,,,rule:insurance+india,high,IN,insurer,insurance_float,,matched by deterministic name rule
ADANIENT,Adani Enterprises Limited,Green Enterprises Investment Holding Rsc Limited,Foreign corporate,40191038,,,,,rule:foreign-legal-form,medium,,operating_company,operating_company_treasury,REVIEW,matched by deterministic name rule
ADANIENT,Adani Enterprises Limited,Sbi Equity Hybrid Fund,Domestic AMC,30799049,,,,,rule:indian-fund-scheme,high,IN,asset_manager,managed_funds,,matched by deterministic name rule
ADANIENT,Adani Enterprises Limited,Goldman Sachs Trust Ii - Goldman Sachs Gqg Partners International Opportunities Fund,Foreign AMC,26765500,,,,,web,high,US,asset_manager,managed_funds,,https://sec.gov/Archives/edgar/data/1557156/000119312516793306/d174361d497.htm
ADANIENT,Adani Enterprises Limited,Quant Mutual Fund - Quant Small Cap Fund,Domestic AMC,15784577,,,,,rule:indian-fund-scheme,high,IN,asset_manager,managed_funds,,matched by deterministic name rule
ADANIPORTS,Adani Ports and Special Economic Zone Limited,Gautambhai Shantilal Adani &amp; Rajeshbhai Shantilal Adani (on behalf of S. B. Adani Family Trust),Promoter,710753935,,,,,filing (token+numeric),high,IN,,,,"SEBI LODR Reg 31 shareholding pattern (Table II - Promoter & Promoter Group), as at 2026-06-30"
ADANIPORTS,Adani Ports and Special Economic Zone Limited,Carmichael Rail And Port Singapore Holdings Pte. Ltd,Promoter,143820153,,,,,filing (token+numeric),high,IN,,,,"SEBI LODR Reg 31 shareholding pattern (Table II - Promoter & Promoter Group), as at 2026-06-30"
ADANIPORTS,Adani Ports and Special Economic Zone Limited,Adani Tradeline Private Limited,Promoter,138193549,,,,,filing (token+numeric),high,IN,,,,"SEBI LODR Reg 31 shareholding pattern (Table II - Promoter & Promoter Group), as at 2026-06-30"
ADANIPORTS,Adani Ports and Special Economic Zone Limited,Emerging Market Investment Dmcc,Promoter,136235995,,,,,filing (token+numeric),high,IN,,,,"SEBI LODR Reg 31 shareholding pattern (Table II - Promoter & Promoter Group), as at 2026-06-30"
ADANIPORTS,Adani Ports and Special Economic Zone Limited,Flourishing Trade And Investment Ltd,Promoter,124454607,,,,,filing (token+numeric),high,IN,,,,"SEBI LODR Reg 31 shareholding pattern (Table II - Promoter & Promoter Group), as at 2026-06-30"
ADANIPORTS,Adani Ports and Special Economic Zone Limited,Afro Asia Trade And Investments Limited,Promoter,89945212,,,,,filing (token+numeric),high,IN,,,,"SEBI LODR Reg 31 shareholding pattern (Table II - Promoter & Promoter Group), as at 2026-06-30"
ADANIPORTS,Adani Ports and Special Economic Zone Limited,Adani Rail Infra Private Limited,Promoter,70621469,,,,,filing (token+numeric),high,IN,,,,"SEBI LODR Reg 31 shareholding pattern (Table II - Promoter & Promoter Group), as at 2026-06-30"
ADANIPORTS,Adani Ports and Special Economic Zone Limited,Resurgent Trade And Investment Ltd,Promoter,53004718,,,,,filing (token+numeric),high,IN,,,,"SEBI LODR Reg 31 shareholding pattern (Table II - Promoter & Promoter Group), as at 2026-06-30"
ADANIPORTS,Adani Ports and Special Economic Zone Limited,Worldwide Emerging Market Holding Limited,Promoter,40234093,,,,,filing (token+numeric),high,IN,,,,"SEBI LODR Reg 31 shareholding pattern (Table II - Promoter & Promoter Group), as at 2026-06-30"
ADANIPORTS,Adani Ports and Special Economic Zone Limited,Spitze Trade And Investment Limited,Promoter,12358700,,,,,filing (token+numeric),high,IN,,,,"SEBI LODR Reg 31 shareholding pattern (Table II - Promoter & Promoter Group), as at 2026-06-30"
ADANIPORTS,Adani Ports and Special Economic Zone Limited,Adani Properties Private Limited,Promoter,1685000,,,,,filing (token+numeric),high,IN,,,,"SEBI LODR Reg 31 shareholding pattern (Table II - Promoter & Promoter Group), as at 2026-06-30"
ADANIPORTS,Adani Ports and Special Economic Zone Limited,Rajeshbhai Shantilal Adani,Promoter,30001,,,,,filing (token+numeric),high,IN,,,,"SEBI LODR Reg 31 shareholding pattern (Table II - Promoter & Promoter Group), as at 2026-06-30"
ADANIPORTS,Adani Ports and Special Economic Zone Limited,Gelt Bery Trade And Investment Ltd,Promoter,100,,,,,filing (token+numeric),high,IN,,,,"SEBI LODR Reg 31 shareholding pattern (Table II - Promoter & Promoter Group), as at 2026-06-30"
ADANIPORTS,Adani Ports and Special Economic Zone Limited,Jeet Gautam Adani,Promoter,10,,,,,filing (token+numeric),high,IN,,,,"SEBI LODR Reg 31 shareholding pattern (Table II - Promoter & Promoter Group), as at 2026-06-30"
ADANIPORTS,Adani Ports and Special Economic Zone Limited,Karan Gautam Adani,Promoter,10,,,,,filing (token+numeric),high,IN,,,,"SEBI LODR Reg 31 shareholding pattern (Table II - Promoter & Promoter Group), as at 2026-06-30"
ADANIPORTS,Adani Ports and Special Economic Zone Limited,Pranav Vinod Adani,Promoter,10,,,,,filing (token+numeric),high,IN,,,,"SEBI LODR Reg 31 shareholding pattern (Table II - Promoter & Promoter Group), as at 2026-06-30"
ADANIPORTS,Adani Ports and Special Economic Zone Limited,Sagar Rajeshbhai Adani,Promoter,10,,,,,filing (token+numeric),high,IN,,,,"SEBI LODR Reg 31 shareholding pattern (Table II - Promoter & Promoter Group), as at 2026-06-30"
ADANIPORTS,Adani Ports and Special Economic Zone Limited,Gautambhai Shantilal Adani,Promoter,1,,,,,filing (token+numeric),high,IN,,,,"SEBI LODR Reg 31 shareholding pattern (Table II - Promoter & Promoter Group), as at 2026-06-30"
ADANIPORTS,Adani Ports and Special Economic Zone Limited,Gautambhai Shantilal Adani &amp; Pritiben Gautambhai Adani (on behalf of Gautam S. Adani Family Trust),Promoter,0,,,,,filing (token),high,IN,,,,"SEBI LODR Reg 31 shareholding pattern (Table II - Promoter & Promoter Group), as at 2026-06-30"
ADANIPORTS,Adani Ports and Special Economic Zone Limited,Rajeshbhai Shantilal Adani &amp; Shilin Rajeshbhai Adani (on behalf of Rajesh S. Adani Family Trust),Promoter,0,,,,,filing (token),high,IN,,,,"SEBI LODR Reg 31 shareholding pattern (Table II - Promoter & Promoter Group), as at 2026-06-30"
ADANIPORTS,Adani Ports and Special Economic Zone Limited,Infinite Trade and Investment Limited,Promoter,0,,,,,filing (token),high,IN,,,,"SEBI LODR Reg 31 shareholding pattern (Table II - Promoter & Promoter Group), as at 2026-06-30"
ADANIPORTS,Adani Ports and Special Economic Zone Limited,Life Insurance Corporation Of India,Domestic Insurance,148072227,,,,,rule:insurance+india,high,IN,insurer,insurance_float,,matched by deterministic name rule
ADANIPORTS,Adani Ports and Special Economic Zone Limited,Goldman Sachs Trust Ii - Goldman Sachs Gqg Partners International Opportunities Fund,Foreign AMC,44495892,,,,,web,high,US,asset_manager,managed_funds,,https://sec.gov/Archives/edgar/data/1557156/000119312516793306/d174361d497.htm
ADANIPORTS,Adani Ports and Special Economic Zone Limited,Sbi Nifty 50 Etf,Domestic AMC,32539379,,,,,rule:indian-fund-scheme,high,IN,asset_manager,managed_funds,,matched by deterministic name rule
ADANIPORTS,Adani Ports and Special Economic Zone Limited,Body Corp-Ltd Liability Partnership,,1700937,,,,,unresolved,low,,,,REVIEW,
ADANIPORTS,Adani Ports and Special Economic Zone Limited,Trust (Employees),,8744,,,,,unresolved,low,,,,REVIEW,
APOLLOHOSP,Apollo Hospitals Enterprise Limited,Ms. Suneeta Reddy,Promoter,2937066,,,,,filing (token+numeric),high,IN,,,,"SEBI LODR Reg 31 shareholding pattern (Table II - Promoter & Promoter Group), as at 2026-06-30"
APOLLOHOSP,Apollo Hospitals Enterprise Limited,Ms. Sangita Reddy,Promoter,2432508,,,,,filing (token+numeric),high,IN,,,,"SEBI LODR Reg 31 shareholding pattern (Table II - Promoter & Promoter Group), as at 2026-06-30"
APOLLOHOSP,Apollo Hospitals Enterprise Limited,Ms. Shobana Kamineni,Promoter,2239952,,,,,filing (token+numeric),high,IN,,,,"SEBI LODR Reg 31 shareholding pattern (Table II - Promoter & Promoter Group), as at 2026-06-30"
APOLLOHOSP,Apollo Hospitals Enterprise Limited,Mr. K Vishweshwar Reddy,Promoter,1577350,,,,,filing (token+numeric),high,IN,,,,"SEBI LODR Reg 31 shareholding pattern (Table II - Promoter & Promoter Group), as at 2026-06-30"
APOLLOHOSP,Apollo Hospitals Enterprise Limited,Ms. Preetha Reddy,Promoter,1043915,,,,,filing (token+numeric),high,IN,,,,"SEBI LODR Reg 31 shareholding pattern (Table II - Promoter & Promoter Group), as at 2026-06-30"
APOLLOHOSP,Apollo Hospitals Enterprise Limited,Ms. Sindoori Reddy,Promoter,318600,,,,,filing (token+numeric),high,IN,,,,"SEBI LODR Reg 31 shareholding pattern (Table II - Promoter & Promoter Group), as at 2026-06-30"
APOLLOHOSP,Apollo Hospitals Enterprise Limited,Ms. Anuspala Kamineni,Promoter,259174,,,,,filing (token+numeric),high,IN,,,,"SEBI LODR Reg 31 shareholding pattern (Table II - Promoter & Promoter Group), as at 2026-06-30"
APOLLOHOSP,Apollo Hospitals Enterprise Limited,Dr. Prathap C Reddy,Promoter,245464,,,,,filing (token+numeric),high,IN,,,,"SEBI LODR Reg 31 shareholding pattern (Table II - Promoter & Promoter Group), as at 2026-06-30"
APOLLOHOSP,Apollo Hospitals Enterprise Limited,Mr. Konda Anindith Reddy,Promoter,230200,,,,,filing (token+numeric),high,IN,,,,"SEBI LODR Reg 31 shareholding pattern (Table II - Promoter & Promoter Group), as at 2026-06-30"
APOLLOHOSP,Apollo Hospitals Enterprise Limited,Mr. Karthik Anand,Promoter,236167,,,,,filing (token+numeric),high,IN,,,,"SEBI LODR Reg 31 shareholding pattern (Table II - Promoter & Promoter Group), as at 2026-06-30"
APOLLOHOSP,Apollo Hospitals Enterprise Limited,Mr. Vijay Kumar Reddy,Promoter,228957,,,,,filing (token+numeric),high,IN,,,,"SEBI LODR Reg 31 shareholding pattern (Table II - Promoter & Promoter Group), as at 2026-06-30"
APOLLOHOSP,Apollo Hospitals Enterprise Limited,Mr. Konda Vishwajit Reddy,Promoter,222300,,,,,filing (token+numeric),high,IN,,,,"SEBI LODR Reg 31 shareholding pattern (Table II - Promoter & Promoter Group), as at 2026-06-30"
APOLLOHOSP,Apollo Hospitals Enterprise Limited,Ms. Upasana Konidela,Promoter,217276,,,,,filing (token+numeric),high,IN,,,,"SEBI LODR Reg 31 shareholding pattern (Table II - Promoter & Promoter Group), as at 2026-06-30"
APOLLOHOSP,Apollo Hospitals Enterprise Limited,Mr. Puansh Kamineni,Promoter,212202,,,,,filing (token+numeric),high,IN,,,,"SEBI LODR Reg 31 shareholding pattern (Table II - Promoter & Promoter Group), as at 2026-06-30"
APOLLOHOSP,Apollo Hospitals Enterprise Limited,Mr. Harshad Reddy,Promoter,217900,,,,,filing (token+numeric),high,IN,,,,"SEBI LODR Reg 31 shareholding pattern (Table II - Promoter & Promoter Group), as at 2026-06-30"
APOLLOHOSP,Apollo Hospitals Enterprise Limited,Mr. Konda Viraj Madhav Reddy,Promoter,168224,,,,,filing (token+numeric),high,IN,,,,"SEBI LODR Reg 31 shareholding pattern (Table II - Promoter & Promoter Group), as at 2026-06-30"
APOLLOHOSP,Apollo Hospitals Enterprise Limited,Ms. Sucharitha P Reddy,Promoter,169800,,,,,filing (token+numeric),high,IN,,,,"SEBI LODR Reg 31 shareholding pattern (Table II - Promoter & Promoter Group), as at 2026-06-30"
APOLLOHOSP,Apollo Hospitals Enterprise Limited,Mr. Aditya Reddy,Promoter,10200,,,,,filing (token+numeric),high,IN,,,,"SEBI LODR Reg 31 shareholding pattern (Table II - Promoter & Promoter Group), as at 2026-06-30"
APOLLOHOSP,Apollo Hospitals Enterprise Limited,Mr. Dwaraknath Reddy,Promoter,18000,,,,,filing (token+numeric),high,IN,,,,"SEBI LODR Reg 31 shareholding pattern (Table II - Promoter & Promoter Group), as at 2026-06-30"
APOLLOHOSP,Apollo Hospitals Enterprise Limited,Mr. Anil Kamineni,Promoter,20,,,,,filing (token+numeric),high,IN,,,,"SEBI LODR Reg 31 shareholding pattern (Table II - Promoter & Promoter Group), as at 2026-06-30"
APOLLOHOSP,Apollo Hospitals Enterprise Limited,M/s. PCR Investments Ltd,Promoter,27223124,,,,,filing (token+numeric),high,IN,,,,"SEBI LODR Reg 31 shareholding pattern (Table II - Promoter & Promoter Group), as at 2026-06-30"
APOLLOHOSP,Apollo Hospitals Enterprise Limited,M/s. Indian Hospitals Corporation Ltd,Promoter,61704,,,,,filing (token+numeric),high,IN,,,,"SEBI LODR Reg 31 shareholding pattern (Table II - Promoter & Promoter Group), as at 2026-06-30"
APOLLOHOSP,Apollo Hospitals Enterprise Limited,M/s. Obul Reddy Investments Pvt Ltd,Promoter,11200,,,,,filing (token+numeric),high,IN,,,,"SEBI LODR Reg 31 shareholding pattern (Table II - Promoter & Promoter Group), as at 2026-06-30"
APOLLOHOSP,Apollo Hospitals Enterprise Limited,M/s. PPN Power Generating Company Private Ltd,Promoter,5827,,,,,filing (token+numeric),high,IN,,,,"SEBI LODR Reg 31 shareholding pattern (Table II - Promoter & Promoter Group), as at 2026-06-30"
APOLLOHOSP,Apollo Hospitals Enterprise Limited,SBI Nifty 50 ETF,Domestic AMC,3333586,,,,,rule:indian-fund-scheme,high,IN,asset_manager,managed_funds,,matched by deterministic name rule
APOLLOHOSP,Apollo Hospitals Enterprise Limited,Axis Mutual Fund Trustee Limited,Domestic AMC,2578658,,,,,rule:indian-fund-trustee,high,IN,asset_manager,managed_funds,,matched by deterministic name rule
APOLLOHOSP,Apollo Hospitals Enterprise Limited,Mirae Asset ELSS Tax Saver Fund,Domestic AMC,2157205,,,,,rule:indian-fund-scheme,high,IN,asset_manager,managed_funds,,matched by deterministic name rule
APOLLOHOSP,Apollo Hospitals Enterprise Limited,Aditya Birla Sun Life Trustee Private Limited,Domestic AMC,1993863,,,,,rule:indian-fund-trustee,high,IN,asset_manager,managed_funds,,matched by deterministic name rule
APOLLOHOSP,Apollo Hospitals Enterprise Limited,ICICI Prudential Balanced Advantage Fund,Domestic AMC,1877338,,,,,rule:indian-fund-scheme,high,IN,asset_manager,managed_funds,,matched by deterministic name rule
APOLLOHOSP,Apollo Hospitals Enterprise Limited,HDFC Trustee Company Limited,Domestic AMC,1705664,,,,,rule:indian-fund-trustee,high,IN,asset_manager,managed_funds,,matched by deterministic name rule
APOLLOHOSP,Apollo Hospitals Enterprise Limited,Nippon Life India Trustee Ltd,Domestic Insurance,1654510,,,,,rule:insurance+india,high,IN,insurer,insurance_float,,matched by deterministic name rule
APOLLOHOSP,Apollo Hospitals Enterprise Limited,Government Pension Fund Global,Foreign Government,2361960,,,,,web,high,NO,sovereign_wealth_fund,sovereign_assets,,https://en.wikipedia.org/wiki/Government_Pension_Fund_of_Norway
APOLLOHOSP,Apollo Hospitals Enterprise Limited,Employees Provident Fund Board - Internalmanaged 1,Domestic Pension Fund,1992112,,,,,rule:indian-pension-scheme,high,IN,pension_fund,pension_assets,,matched by deterministic name rule
APOLLOHOSP,Apollo Hospitals Enterprise Limited,Government of Singapore,Foreign Government,1581082,,,,,web,high,SG,sovereign_wealth_fund,sovereign_assets,,https://ifswf.org/member-profiles/government-singapore-investment-corporation
APOLLOHOSP,Apollo Hospitals Enterprise Limited,Vanguard Total International Stock Index Fund,Foreign AMC,1509918,,,,,web,high,US,asset_manager,managed_funds,,https://sec.gov/Archives/edgar/data/736054/000168386322001087/f11043d1.htm
APOLLOHOSP,Apollo Hospitals Enterprise Limited,Life Insurance Corporation of India,Domestic Insurance,2830488,,,,,rule:insurance+india,high,IN,insurer,insurance_float,,matched by deterministic name rule
ASIANPAINT,Asian Paints Limited,Sattva Holding and Trading Private Limited,Promoter,54789183,,,,,filing (token+numeric),high,IN,,,,"SEBI LODR Reg 31 shareholding pattern (Table II - Promoter & Promoter Group), as at 2026-06-30"
ASIANPAINT,Asian Paints Limited,Smiti Holding and Trading Company Private Limited,Promoter,51442638,,,,,filing (token+numeric),high,IN,,,,"SEBI LODR Reg 31 shareholding pattern (Table II - Promoter & Promoter Group), as at 2026-06-30"
ASIANPAINT,Asian Paints Limited,Geetanjali Trading and Investments Private Limited,Promoter,45706140,,,,,filing (token+numeric),high,IN,,,,"SEBI LODR Reg 31 shareholding pattern (Table II - Promoter & Promoter Group), as at 2026-06-30"
ASIANPAINT,Asian Paints Limited,Elcid Investments Limited,Promoter,28313860,,,,,filing (token+numeric),high,IN,,,,"SEBI LODR Reg 31 shareholding pattern (Table II - Promoter & Promoter Group), as at 2026-06-30"
ASIANPAINT,Asian Paints Limited,Shubhit Holdings Private Limited,Promoter,23150730,,,,,filing (token+numeric),high,IN,,,,"SEBI LODR Reg 31 shareholding pattern (Table II - Promoter & Promoter Group), as at 2026-06-30"
ASIANPAINT,Asian Paints Limited,Sudhanva Investments and Trading Company Private Limited,Promoter,19001760,,,,,filing (token+numeric),high,IN,,,,"SEBI LODR Reg 31 shareholding pattern (Table II - Promoter & Promoter Group), as at 2026-06-30"
ASIANPAINT,Asian Paints Limited,Rupen Investment &amp; Industries Private Limited,Promoter,18849825,,,,,filing (token+numeric),high,IN,,,,"SEBI LODR Reg 31 shareholding pattern (Table II - Promoter & Promoter Group), as at 2026-06-30"
ASIANPAINT,Asian Paints Limited,Satyadharma Investments and Trading Company Private Ltd,Promoter,18334280,,,,,filing (token+numeric),high,IN,,,,"SEBI LODR Reg 31 shareholding pattern (Table II - Promoter & Promoter Group), as at 2026-06-30"
ASIANPAINT,Asian Paints Limited,Castle Investment &amp; Industries Private Limited,Promoter,15457470,,,,,filing (token+numeric),high,IN,,,,"SEBI LODR Reg 31 shareholding pattern (Table II - Promoter & Promoter Group), as at 2026-06-30"
ASIANPAINT,Asian Paints Limited,Lyon Investment &amp; Industries Private Limited,Promoter,14342060,,,,,filing (token+numeric),high,IN,,,,"SEBI LODR Reg 31 shareholding pattern (Table II - Promoter & Promoter Group), as at 2026-06-30"
ASIANPAINT,Asian Paints Limited,Dipika Amar Vakil,Promoter,12761340,,,,,filing (token+numeric),high,IN,,,,"SEBI LODR Reg 31 shareholding pattern (Table II - Promoter & Promoter Group), as at 2026-06-30"
ASIANPAINT,Asian Paints Limited,Jaldhar Investments and Trading Company Private Limited,Promoter,12428250,,,,,filing (token+numeric),high,IN,,,,"SEBI LODR Reg 31 shareholding pattern (Table II - Promoter & Promoter Group), as at 2026-06-30"
ASIANPAINT,Asian Paints Limited,Late Abhay Arvind Vakil,Promoter,12418060,,,,,filing (token+numeric),high,IN,,,,"SEBI LODR Reg 31 shareholding pattern (Table II - Promoter & Promoter Group), as at 2026-06-30"
ASIANPAINT,Asian Paints Limited,Tru Trading and Investments Pvt Limited,Promoter,12176500,,,,,filing (token+numeric),high,IN,,,,"SEBI LODR Reg 31 shareholding pattern (Table II - Promoter & Promoter Group), as at 2026-06-30"
ASIANPAINT,Asian Paints Limited,Nehal Trading and Investments Private Limited,Promoter,11102530,,,,,filing (token+numeric),high,IN,,,,"SEBI LODR Reg 31 shareholding pattern (Table II - Promoter & Promoter Group), as at 2026-06-30"
ASIANPAINT,Asian Paints Limited,Asteroids Trading and Investments Private Limited,Promoter,10818530,,,,,filing (token+numeric),high,IN,,,,"SEBI LODR Reg 31 shareholding pattern (Table II - Promoter & Promoter Group), as at 2026-06-30"
ASIANPAINT,Asian Paints Limited,Jalaj Trading &amp; Investment Company Private Limited,Promoter,10776697,,,,,filing (token+numeric),high,IN,,,,"SEBI LODR Reg 31 shareholding pattern (Table II - Promoter & Promoter Group), as at 2026-06-30"
ASIANPAINT,Asian Paints Limited,Unnati Trading and Investments Private Limited,Promoter,10472600,,,,,filing (token+numeric),high,IN,,,,"SEBI LODR Reg 31 shareholding pattern (Table II - Promoter & Promoter Group), as at 2026-06-30"
ASIANPAINT,Asian Paints Limited,Doli Trading and Investments Private Limited,Promoter,9363440,,,,,filing (token+numeric),high,IN,,,,"SEBI LODR Reg 31 shareholding pattern (Table II - Promoter & Promoter Group), as at 2026-06-30"
ASIANPAINT,Asian Paints Limited,Centaurus Trading and Investments Pvt Ltd,Promoter,7408940,,,,,filing (token+numeric),high,IN,,,,"SEBI LODR Reg 31 shareholding pattern (Table II - Promoter & Promoter Group), as at 2026-06-30"
ASIANPAINT,Asian Paints Limited,Vivek Abhay Vakil,Promoter,6812369,,,,,filing (token+numeric),high,IN,,,,"SEBI LODR Reg 31 shareholding pattern (Table II - Promoter & Promoter Group), as at 2026-06-30"
ASIANPAINT,Asian Paints Limited,Suptaswar Investments and Trading Company Limited,Promoter,6558310,,,,,filing (token+numeric),high,IN,,,,"SEBI LODR Reg 31 shareholding pattern (Table II - Promoter & Promoter Group), as at 2026-06-30"
ASIANPAINT,Asian Paints Limited,Bhairavi Abhay Vakil,Promoter,6064322,,,,,filing (token+numeric),high,IN,,,,"SEBI LODR Reg 31 shareholding pattern (Table II - Promoter & Promoter Group), as at 2026-06-30"
ASIANPAINT,Asian Paints Limited,Lambodar Investments and Trading Company Limited,Promoter,6015130,,,,,filing (token+numeric),high,IN,,,,"SEBI LODR Reg 31 shareholding pattern (Table II - Promoter & Promoter Group), as at 2026-06-30"
ASIANPAINT,Asian Paints Limited,Murahar Investments and Trading Company Limited,Promoter,5743670,,,,,filing (token+numeric),high,IN,,,,"SEBI LODR Reg 31 shareholding pattern (Table II - Promoter & Promoter Group), as at 2026-06-30"
ASIANPAINT,Asian Paints Limited,Nehal Abhay Vakil,Promoter,5738489,,,,,filing (token+numeric),high,IN,,,,"SEBI LODR Reg 31 shareholding pattern (Table II - Promoter & Promoter Group), as at 2026-06-30"
ASIANPAINT,Asian Paints Limited,Upnishad Holdings Private Limited,Promoter,4098430,,,,,filing (token+numeric),high,IN,,,,"SEBI LODR Reg 31 shareholding pattern (Table II - Promoter & Promoter Group), as at 2026-06-30"
ASIANPAINT,Asian Paints Limited,Hiren Holdings Private Limited,Promoter,3950310,,,,,filing (token+numeric),high,IN,,,,"SEBI LODR Reg 31 shareholding pattern (Table II - Promoter & Promoter Group), as at 2026-06-30"
ASIANPAINT,Asian Paints Limited,Prafullika Shailesh Choksi,Promoter,3874480,,,,,filing (token+numeric),high,IN,,,,"SEBI LODR Reg 31 shareholding pattern (Table II - Promoter & Promoter Group), as at 2026-06-30"
ASIANPAINT,Asian Paints Limited,Satyen Ashwin Gandhi,Promoter,3725954,,,,,filing (token+numeric),high,IN,,,,"SEBI LODR Reg 31 shareholding pattern (Table II - Promoter & Promoter Group), as at 2026-06-30"
ASIANPAINT,Asian Paints Limited,Hiren Ashwin Gandhi,Promoter,3706265,,,,,filing (token+numeric),high,IN,,,,"SEBI LODR Reg 31 shareholding pattern (Table II - Promoter & Promoter Group), as at 2026-06-30"
ASIANPAINT,Asian Paints Limited,Vishal Shailesh Choksi,Promoter,3380865,,,,,filing (token+numeric),high,IN,,,,"SEBI LODR Reg 31 shareholding pattern (Table II - Promoter & Promoter Group), as at 2026-06-30"
ASIANPAINT,Asian Paints Limited,Hasit A Dani,Promoter,3150800,,,,,filing (token+numeric),high,IN,,,,"SEBI LODR Reg 31 shareholding pattern (Table II - Promoter & Promoter Group), as at 2026-06-30"
ASIANPAINT,Asian Paints Limited,VAKIL HUF (VARUN AMAR VAKIL),Promoter,3103290,,,,,filing (token+numeric),high,IN,,,,"SEBI LODR Reg 31 shareholding pattern (Table II - Promoter & Promoter Group), as at 2026-06-30"
ASIANPAINT,Asian Paints Limited,Amrita Amar Vakil,Promoter,2566680,,,,,filing (token+numeric),high,IN,,,,"SEBI LODR Reg 31 shareholding pattern (Table II - Promoter & Promoter Group), as at 2026-06-30"
ASIANPAINT,Asian Paints Limited,Jigish Shailesh Choksi,Promoter,2424825,,,,,filing (token+numeric),high,IN,,,,"SEBI LODR Reg 31 shareholding pattern (Table II - Promoter & Promoter Group), as at 2026-06-30"
ASIANPAINT,Asian Paints Limited,Manish Mahendra Choksi,Promoter,2381040,,,,,filing (token+numeric),high,IN,,,,"SEBI LODR Reg 31 shareholding pattern (Table II - Promoter & Promoter Group), as at 2026-06-30"
ASIANPAINT,Asian Paints Limited,Varun Amar Vakil,Promoter,2230590,,,,,filing (token+numeric),high,IN,,,,"SEBI LODR Reg 31 shareholding pattern (Table II - Promoter & Promoter Group), as at 2026-06-30"
ASIANPAINT,Asian Paints Limited,AMAR ARVIND VAKIL HUF (VARUN AMAR VAKIL),Promoter,2112190,,,,,filing (token+numeric),high,IN,,,,"SEBI LODR Reg 31 shareholding pattern (Table II - Promoter & Promoter Group), as at 2026-06-30"
ASIANPAINT,Asian Paints Limited,ELF Trading and Chemical Manufacturing Private Limited,Promoter,2108160,,,,,filing (token+numeric),high,IN,,,,"SEBI LODR Reg 31 shareholding pattern (Table II - Promoter & Promoter Group), as at 2026-06-30"
ASIANPAINT,Asian Paints Limited,ABHAY ARVIND VAKIL HUF (VIVEK ABHAY VAKIL),Promoter,2076820,,,,,filing (token+numeric),high,IN,,,,"SEBI LODR Reg 31 shareholding pattern (Table II - Promoter & Promoter Group), as at 2026-06-30"
ASIANPAINT,Asian Paints Limited,Rupal Anant Bhat,Promoter,1923770,,,,,filing (token+numeric),high,IN,,,,"SEBI LODR Reg 31 shareholding pattern (Table II - Promoter & Promoter Group), as at 2026-06-30"
ASIANPAINT,Asian Paints Limited,SHAILESH CHIMANLAL CHOKSI HUF (JIGISH SHAILESH CHOKSI),Promoter,1749690,,,,,filing (token+numeric),high,IN,,,,"SEBI LODR Reg 31 shareholding pattern (Table II - Promoter & Promoter Group), as at 2026-06-30"
ASIANPAINT,Asian Paints Limited,Mahendra Chimanlal Choksi,Promoter,1656380,,,,,filing (token+numeric),high,IN,,,,"SEBI LODR Reg 31 shareholding pattern (Table II - Promoter & Promoter Group), as at 2026-06-30"
ASIANPAINT,Asian Paints Limited,Jalaj A Dani,Promoter,1600200,,,,,filing (token+numeric),high,IN,,,,"SEBI LODR Reg 31 shareholding pattern (Table II - Promoter & Promoter Group), as at 2026-06-30"
ASIANPAINT,Asian Paints Limited,Late Asha Subhash Gujarathi,Promoter,1423400,,,,,filing (token+numeric),high,IN,,,,"SEBI LODR Reg 31 shareholding pattern (Table II - Promoter & Promoter Group), as at 2026-06-30"
ASIANPAINT,Asian Paints Limited,Rita Mahendra Choksi,Promoter,980000,,,,,filing (token+numeric),high,IN,,,,"SEBI LODR Reg 31 shareholding pattern (Table II - Promoter & Promoter Group), as at 2026-06-30"
ASIANPAINT,Asian Paints Limited,Rayirth Holding and Trading Company Private Limited,Promoter,965910,,,,,filing (token+numeric),high,IN,,,,"SEBI LODR Reg 31 shareholding pattern (Table II - Promoter & Promoter Group), as at 2026-06-30"
ASIANPAINT,Asian Paints Limited,Rupen Ashwin Choksi,Promoter,928607,,,,,filing (token+numeric),high,IN,,,,"SEBI LODR Reg 31 shareholding pattern (Table II - Promoter & Promoter Group), as at 2026-06-30"
ASIANPAINT,Asian Paints Limited,Ashish Ashwin Choksi,Promoter,880840,,,,,filing (token+numeric),high,IN,,,,"SEBI LODR Reg 31 shareholding pattern (Table II - Promoter & Promoter Group), as at 2026-06-30"
ASIANPAINT,Asian Paints Limited,Urvashi Ashwin Choksi,Promoter,838110,,,,,filing (token+numeric),high,IN,,,,"SEBI LODR Reg 31 shareholding pattern (Table II - Promoter & Promoter Group), as at 2026-06-30"
ASIANPAINT,Asian Paints Limited,"ACC AP TRUST (Urvashi Ashwin Choksi, Ashish Ashwin Choksi, Rupen Ashwin Choksi)",Promoter,785700,,,,,filing (token+numeric),high,IN,,,,"SEBI LODR Reg 31 shareholding pattern (Table II - Promoter & Promoter Group), as at 2026-06-30"
ASIANPAINT,Asian Paints Limited,Rhea Amit Sethi,Promoter,702000,,,,,filing (token+numeric),high,IN,,,,"SEBI LODR Reg 31 shareholding pattern (Table II - Promoter & Promoter Group), as at 2026-06-30"
ASIANPAINT,Asian Paints Limited,MAHENDRA CHIMANLAL CHOKSI HUF (MAHENDRA CHIMANLAL CHOKSI),Promoter,539800,,,,,filing (token+numeric),high,IN,,,,"SEBI LODR Reg 31 shareholding pattern (Table II - Promoter & Promoter Group), as at 2026-06-30"
ASIANPAINT,Asian Paints Limited,Ami Manish Choksi,Promoter,472200,,,,,filing (token+numeric),high,IN,,,,"SEBI LODR Reg 31 shareholding pattern (Table II - Promoter & Promoter Group), as at 2026-06-30"
ASIANPAINT,Asian Paints Limited,Vita Jalaj Dani,Promoter,435260,,,,,filing (token+numeric),high,IN,,,,"SEBI LODR Reg 31 shareholding pattern (Table II - Promoter & Promoter Group), as at 2026-06-30"
ASIANPAINT,Asian Paints Limited,Ishwara Hasit Dani,Promoter,410710,,,,,filing (token+numeric),high,IN,,,,"SEBI LODR Reg 31 shareholding pattern (Table II - Promoter & Promoter Group), as at 2026-06-30"
ASIANPAINT,Asian Paints Limited,HASIT ASHWIN DANI HUF (HASIT ASHWIN DANI),Promoter,392666,,,,,filing (token+numeric),high,IN,,,,"SEBI LODR Reg 31 shareholding pattern (Table II - Promoter & Promoter Group), as at 2026-06-30"
ASIANPAINT,Asian Paints Limited,JALAJ A DANI HUF (JALAJ ASHWIN DANI),Promoter,344666,,,,,filing (token+numeric),high,IN,,,,"SEBI LODR Reg 31 shareholding pattern (Table II - Promoter & Promoter Group), as at 2026-06-30"
ASIANPAINT,Asian Paints Limited,Richa Manish Choksi,Promoter,180450,,,,,filing (token+numeric),high,IN,,,,"SEBI LODR Reg 31 shareholding pattern (Table II - Promoter & Promoter Group), as at 2026-06-30"
ASIANPAINT,Asian Paints Limited,Mudit Jalaj Dani,Promoter,159800,,,,,filing (token+numeric),high,IN,,,,"SEBI LODR Reg 31 shareholding pattern (Table II - Promoter & Promoter Group), as at 2026-06-30"
ASIANPAINT,Asian Paints Limited,Late Amar Arvind Vakil,Promoter,158770,,,,,filing (token+numeric),high,IN,,,,"SEBI LODR Reg 31 shareholding pattern (Table II - Promoter & Promoter Group), as at 2026-06-30"
ASIANPAINT,Asian Paints Limited,Smiti Jalaj Dani,Promoter,139110,,,,,filing (token+numeric),high,IN,,,,"SEBI LODR Reg 31 shareholding pattern (Table II - Promoter & Promoter Group), as at 2026-06-30"
ASIANPAINT,Asian Paints Limited,Binita Ashish Choksi,Promoter,131700,,,,,filing (token+numeric),high,IN,,,,"SEBI LODR Reg 31 shareholding pattern (Table II - Promoter & Promoter Group), as at 2026-06-30"
ASIANPAINT,Asian Paints Limited,Anay Rupen Choksi,Promoter,130500,,,,,filing (token+numeric),high,IN,,,,"SEBI LODR Reg 31 shareholding pattern (Table II - Promoter & Promoter Group), as at 2026-06-30"
ASIANPAINT,Asian Paints Limited,Aashay Ashish Choksi,Promoter,125380,,,,,filing (token+numeric),high,IN,,,,"SEBI LODR Reg 31 shareholding pattern (Table II - Promoter & Promoter Group), as at 2026-06-30"
ASIANPAINT,Asian Paints Limited,Vikatmev Containers Ltd,Promoter,111600,,,,,filing (token+numeric),high,IN,,,,"SEBI LODR Reg 31 shareholding pattern (Table II - Promoter & Promoter Group), as at 2026-06-30"
ASIANPAINT,Asian Paints Limited,Nysha Rupen Choksi (Minor),Promoter,102750,,,,,filing (token+numeric),high,IN,,,,"SEBI LODR Reg 31 shareholding pattern (Table II - Promoter & Promoter Group), as at 2026-06-30"
ASIANPAINT,Asian Paints Limited,Druhi Ashish Choksi,Promoter,100000,,,,,filing (token+numeric),high,IN,,,,"SEBI LODR Reg 31 shareholding pattern (Table II - Promoter & Promoter Group), as at 2026-06-30"
ASIANPAINT,Asian Paints Limited,Ashwin Ramanlal Gandhi,Promoter,91860,,,,,filing (token+numeric),high,IN,,,,"SEBI LODR Reg 31 shareholding pattern (Table II - Promoter & Promoter Group), as at 2026-06-30"
ASIANPAINT,Asian Paints Limited,Meghna Satyen Gandhi,Promoter,75000,,,,,filing (token+numeric),high,IN,,,,"SEBI LODR Reg 31 shareholding pattern (Table II - Promoter & Promoter Group), as at 2026-06-30"
ASIANPAINT,Asian Paints Limited,Vaibhavi Hiren Gandhi,Promoter,75000,,,,,filing (token+numeric),high,IN,,,,"SEBI LODR Reg 31 shareholding pattern (Table II - Promoter & Promoter Group), as at 2026-06-30"
ASIANPAINT,Asian Paints Limited,Shubhlakshmi Hasit Dani,Promoter,59529,,,,,filing (token+numeric),high,IN,,,,"SEBI LODR Reg 31 shareholding pattern (Table II - Promoter & Promoter Group), as at 2026-06-30"
ASIANPAINT,Asian Paints Limited,Late Chandanben Chhotalal Shah,Promoter,20000,,,,,filing (token+numeric),high,IN,,,,"SEBI LODR Reg 31 shareholding pattern (Table II - Promoter & Promoter Group), as at 2026-06-30"
ASIANPAINT,Asian Paints Limited,Dani Finlease Private Limited,Promoter,10930,,,,,filing (token+numeric),high,IN,,,,"SEBI LODR Reg 31 shareholding pattern (Table II - Promoter & Promoter Group), as at 2026-06-30"
ASIANPAINT,Asian Paints Limited,Hrishav Varun Vakil (Minor),Promoter,10000,,,,,filing (token+numeric),high,IN,,,,"SEBI LODR Reg 31 shareholding pattern (Table II - Promoter & Promoter Group), as at 2026-06-30"
ASIANPAINT,Asian Paints Limited,Nyra Varun Vakil (Minor),Promoter,10000,,,,,filing (token+numeric),high,IN,,,,"SEBI LODR Reg 31 shareholding pattern (Table II - Promoter & Promoter Group), as at 2026-06-30"
ASIANPAINT,Asian Paints Limited,Ragini Varun Vakil,Promoter,10000,,,,,filing (token+numeric),high,IN,,,,"SEBI LODR Reg 31 shareholding pattern (Table II - Promoter & Promoter Group), as at 2026-06-30"
ASIANPAINT,Asian Paints Limited,MANISH MAHENDRA CHOKSI HUF (MANISH MAHENDRA CHOKSI),Promoter,7500,,,,,filing (token+numeric),high,IN,,,,"SEBI LODR Reg 31 shareholding pattern (Table II - Promoter & Promoter Group), as at 2026-06-30"
ASIANPAINT,Asian Paints Limited,ASHISH ASHWIN CHOKSI HUF (ASHISH ASHWIN CHOKSI),Promoter,5620,,,,,filing (token+numeric),high,IN,,,,"SEBI LODR Reg 31 shareholding pattern (Table II - Promoter & Promoter Group), as at 2026-06-30"
ASIANPAINT,Asian Paints Limited,ASHWIN SURYAKANT DANI HUF (ASHWIN SURYAKANT DANI),Promoter,0,,,,,filing (token),high,IN,,,,"SEBI LODR Reg 31 shareholding pattern (Table II - Promoter & Promoter Group), as at 2026-06-30"
ASIANPAINT,Asian Paints Limited,Anant Raghuvir Bhat,Promoter,0,,,,,filing (token),high,IN,,,,"SEBI LODR Reg 31 shareholding pattern (Table II - Promoter & Promoter Group), as at 2026-06-30"
ASIANPAINT,Asian Paints Limited,Arhaan Anant Bhat,Promoter,0,,,,,filing (token),high,IN,,,,"SEBI LODR Reg 31 shareholding pattern (Table II - Promoter & Promoter Group), as at 2026-06-30"
ASIANPAINT,Asian Paints Limited,Rehaan Anant Bhat (Minor),Promoter,0,,,,,filing (token),high,IN,,,,"SEBI LODR Reg 31 shareholding pattern (Table II - Promoter & Promoter Group), as at 2026-06-30"
ASIANPAINT,Asian Paints Limited,Priyanka Jigish Choksi,Promoter,0,,,,,filing (token),high,IN,,,,"SEBI LODR Reg 31 shareholding pattern (Table II - Promoter & Promoter Group), as at 2026-06-30"
ASIANPAINT,Asian Paints Limited,Aryan Jigish Choksi N/G Jigish Shailesh Choksi (Minor),Promoter,0,,,,,filing (token),high,IN,,,,"SEBI LODR Reg 31 shareholding pattern (Table II - Promoter & Promoter Group), as at 2026-06-30"
ASIANPAINT,Asian Paints Limited,Gayatri Subhash Gujarathi,Promoter,0,,,,,filing (token),high,IN,,,,"SEBI LODR Reg 31 shareholding pattern (Table II - Promoter & Promoter Group), as at 2026-06-30"
ASIANPAINT,Asian Paints Limited,Amreen Sethi (Minor),Promoter,0,,,,,filing (token),high,IN,,,,"SEBI LODR Reg 31 shareholding pattern (Table II - Promoter & Promoter Group), as at 2026-06-30"
ASIANPAINT,Asian Paints Limited,S C Dani Research Foundation Private Limited,Promoter,0,,,,,filing (token),high,IN,,,,"SEBI LODR Reg 31 shareholding pattern (Table II - Promoter & Promoter Group), as at 2026-06-30"
ASIANPAINT,Asian Paints Limited,Haish Holding and Trading Company Private Limited,Promoter,0,,,,,filing (token),high,IN,,,,"SEBI LODR Reg 31 shareholding pattern (Table II - Promoter & Promoter Group), as at 2026-06-30"
ASIANPAINT,Asian Paints Limited,Avinash Holding and Trading Company Private Limited,Promoter,0,,,,,filing (token),high,IN,,,,"SEBI LODR Reg 31 shareholding pattern (Table II - Promoter & Promoter Group), as at 2026-06-30"
ASIANPAINT,Asian Paints Limited,Canes Venatici Trading Private Limited,Promoter,0,,,,,filing (token),high,IN,,,,"SEBI LODR Reg 31 shareholding pattern (Table II - Promoter & Promoter Group), as at 2026-06-30"
ASIANPAINT,Asian Paints Limited,Hydra Trading Private Limited,Promoter,0,,,,,filing (token),high,IN,,,,"SEBI LODR Reg 31 shareholding pattern (Table II - Promoter & Promoter Group), as at 2026-06-30"
ASIANPAINT,Asian Paints Limited,Hitech Specialities Solutions Private Limited,Promoter,0,,,,,filing (token),high,IN,,,,"SEBI LODR Reg 31 shareholding pattern (Table II - Promoter & Promoter Group), as at 2026-06-30"
ASIANPAINT,Asian Paints Limited,Rituh Holding and Trading Company Private Limited,Promoter,0,,,,,filing (token),high,IN,,,,"SEBI LODR Reg 31 shareholding pattern (Table II - Promoter & Promoter Group), as at 2026-06-30"
ASIANPAINT,Asian Paints Limited,Hitech Corporation Limited,Promoter,0,,,,,filing (token),high,IN,,,,"SEBI LODR Reg 31 shareholding pattern (Table II - Promoter & Promoter Group), as at 2026-06-30"
ASIANPAINT,Asian Paints Limited,Homevilla Yoga Private Limited,Promoter,0,,,,,filing (token),high,IN,,,,"SEBI LODR Reg 31 shareholding pattern (Table II - Promoter & Promoter Group), as at 2026-06-30"
ASIANPAINT,Asian Paints Limited,Riash Renewable Materials Private Limited,Promoter,0,,,,,filing (token),high,IN,,,,"SEBI LODR Reg 31 shareholding pattern (Table II - Promoter & Promoter Group), as at 2026-06-30"
ASIANPAINT,Asian Paints Limited,Stack Pack Limited,Promoter,0,,,,,filing (token),high,IN,,,,"SEBI LODR Reg 31 shareholding pattern (Table II - Promoter & Promoter Group), as at 2026-06-30"
ASIANPAINT,Asian Paints Limited,Dipika Chemicals Private Limited,Promoter,0,,,,,filing (token),high,IN,,,,"SEBI LODR Reg 31 shareholding pattern (Table II - Promoter & Promoter Group), as at 2026-06-30"
ASIANPAINT,Asian Paints Limited,Cronus Merchandise LLP,Promoter,0,,,,,filing (token),high,IN,,,,"SEBI LODR Reg 31 shareholding pattern (Table II - Promoter & Promoter Group), as at 2026-06-30"
ASIANPAINT,Asian Paints Limited,Mefree LLP,Promoter,0,,,,,filing (token),high,IN,,,,"SEBI LODR Reg 31 shareholding pattern (Table II - Promoter & Promoter Group), as at 2026-06-30"
ASIANPAINT,Asian Paints Limited,"DANI FOUNDATION (Jalaj Dani, Vita Dani, Mudit Dani, Smiti Dani)",Promoter,0,,,,,filing (token),high,IN,,,,"SEBI LODR Reg 31 shareholding pattern (Table II - Promoter & Promoter Group), as at 2026-06-30"
ASIANPAINT,Asian Paints Limited,"PARAM-ARTH CHARITABLE TRUST (Hasit Dani, Shubhlakshmi Dani, Priyadarshini Kanodia)",Promoter,0,,,,,filing (token),high,IN,,,,"SEBI LODR Reg 31 shareholding pattern (Table II - Promoter & Promoter Group), as at 2026-06-30"
ASIANPAINT,Asian Paints Limited,"ASHIYANA TRUST (Ina Ashwin Dani - Managing Trustee, Percy Jal Dajee - Trustee)",Promoter,0,,,,,filing (token),high,IN,,,,"SEBI LODR Reg 31 shareholding pattern (Table II - Promoter & Promoter Group), as at 2026-06-30"
ASIANPAINT,Asian Paints Limited,"CRONUS TRUST (Jalaj Dani, Vita Dani)",Promoter,0,,,,,filing (token),high,IN,,,,"SEBI LODR Reg 31 shareholding pattern (Table II - Promoter & Promoter Group), as at 2026-06-30"
ASIANPAINT,Asian Paints Limited,"ISHWARA TRUST (Hasit Dani, Shubhlakshmi Dani)",Promoter,0,,,,,filing (token),high,IN,,,,"SEBI LODR Reg 31 shareholding pattern (Table II - Promoter & Promoter Group), as at 2026-06-30"
ASIANPAINT,Asian Paints Limited,"NARADIYA TRUST (Malav Ashwin Dani - Managing Trustee, Ina Ashwin Dani)",Promoter,0,,,,,filing (token),high,IN,,,,"SEBI LODR Reg 31 shareholding pattern (Table II - Promoter & Promoter Group), as at 2026-06-30"
ASIANPAINT,Asian Paints Limited,"RIG Trust (Jalaj Dani, Vita Dani)",Promoter,0,,,,,filing (token),high,IN,,,,"SEBI LODR Reg 31 shareholding pattern (Table II - Promoter & Promoter Group), as at 2026-06-30"
ASIANPAINT,Asian Paints Limited,"INAASHWIN TRUST (Ina Dani and Malav Dani-Managing Trustees,Viraf Mehta,Gautam Doshi,Vaishali Sharma)",Promoter,0,,,,,filing (token),high,IN,,,,"SEBI LODR Reg 31 shareholding pattern (Table II - Promoter & Promoter Group), as at 2026-06-30"
ASIANPAINT,Asian Paints Limited,"Advaita Charitable Trust (Malav Ashwin Dani, Ina Ashwin Dani, Percy Jal Dajee)",Promoter,0,,,,,filing (token),high,IN,,,,"SEBI LODR Reg 31 shareholding pattern (Table II - Promoter & Promoter Group), as at 2026-06-30"
ASIANPAINT,Asian Paints Limited,"Sab Ka Mangal Ho Foundation (Ina Ashwin Dani, Malav Ashwin Dani, Percy Dajee, Mehernosh Mehta)",Promoter,0,,,,,filing (token),high,IN,,,,"SEBI LODR Reg 31 shareholding pattern (Table II - Promoter & Promoter Group), as at 2026-06-30"
ASIANPAINT,Asian Paints Limited,"Dani Charitable Foundation (Ina Ashwin Dani, Jalaj Dani, Malav Ashwin Dani, Hasit Dani)",Promoter,0,,,,,filing (token),high,IN,,,,"SEBI LODR Reg 31 shareholding pattern (Table II - Promoter & Promoter Group), as at 2026-06-30"
ASIANPAINT,Asian Paints Limited,"Homevilla Charitable Trust (Ina Ashwin Dani, Mahendra Sheth, Percy Jal Dajee, Homi Daruwalla)",Promoter,0,,,,,filing (token),high,IN,,,,"SEBI LODR Reg 31 shareholding pattern (Table II - Promoter & Promoter Group), as at 2026-06-30"
ASIANPAINT,Asian Paints Limited,"Ashwin Ina Charitable Trust (Ina Ashwin Dani, Malav Ashwin Dani, Percy Jal Dajee)",Promoter,0,,,,,filing (token),high,IN,,,,"SEBI LODR Reg 31 shareholding pattern (Table II - Promoter & Promoter Group), as at 2026-06-30"
ASIANPAINT,Asian Paints Limited,Life Insurance Corporation of India,Domestic Insurance,77822006,,,,,rule:insurance+india,high,IN,insurer,insurance_float,,matched by deterministic name rule
ASIANPAINT,Asian Paints Limited,SBI Mutual Fund,Domestic AMC,41302172,,,,,rule:amc+india,high,IN,asset_manager,managed_funds,,matched by deterministic name rule
ASIANPAINT,Asian Paints Limited,ICICI Prudential Mutual Fund,Domestic AMC,17637780,,,,,rule:amc+india,high,IN,asset_manager,managed_funds,,matched by deterministic name rule
ASIANPAINT,Asian Paints Limited,Malav A Dani,Individual,3650176,,,,,bloomberg-holder-type,high,IN,,,,deterministic rule
ASIANPAINT,Asian Paints Limited,Ina Ashwin Dani,Promoter,1451792,,,,,filing (token),high,IN,,,,"SEBI LODR Reg 31 shareholding pattern (Table II - Promoter & Promoter Group), as at 2026-06-30"
AXISBANK,Axis Bank Limited,LIFE INSURANCE CORPORATION OF INDIA,Promoter,244860645,,,,,filing (token+numeric),high,IN,,,,"SEBI LODR Reg 31 shareholding pattern (Table II - Promoter & Promoter Group), as at 2026-06-30"
AXISBANK,Axis Bank Limited,LIC Pension Fund Ltd,Promoter,0,,,,,filing (token),high,IN,,,,"SEBI LODR Reg 31 shareholding pattern (Table II - Promoter & Promoter Group), as at 2026-06-30"
AXISBANK,Axis Bank Limited,LIC Card Services Ltd,Promoter,0,,,,,filing (token),high,IN,,,,"SEBI LODR Reg 31 shareholding pattern (Table II - Promoter & Promoter Group), as at 2026-06-30"
AXISBANK,Axis Bank Limited,LIC (Singapore) Pte Ltd,Promoter,0,,,,,filing (token),high,IN,,,,"SEBI LODR Reg 31 shareholding pattern (Table II - Promoter & Promoter Group), as at 2026-06-30"
AXISBANK,Axis Bank Limited,LIC (Nepal) Ltd,Promoter,0,,,,,filing (token),high,IN,,,,"SEBI LODR Reg 31 shareholding pattern (Table II - Promoter & Promoter Group), as at 2026-06-30"
AXISBANK,Axis Bank Limited,LIC(International) BSC (c) Bahrain,Promoter,0,,,,,filing (token),high,IN,,,,"SEBI LODR Reg 31 shareholding pattern (Table II - Promoter & Promoter Group), as at 2026-06-30"
AXISBANK,Axis Bank Limited,LIC (Lanka) Ltd,Promoter,0,,,,,filing (token),high,IN,,,,"SEBI LODR Reg 31 shareholding pattern (Table II - Promoter & Promoter Group), as at 2026-06-30"
AXISBANK,Axis Bank Limited,LIC Bangladesh Ltd,Promoter,0,,,,,filing (token),high,IN,,,,"SEBI LODR Reg 31 shareholding pattern (Table II - Promoter & Promoter Group), as at 2026-06-30"
AXISBANK,Axis Bank Limited,LIC Housing Finance Ltd,Promoter,0,,,,,filing (token),high,IN,,,,"SEBI LODR Reg 31 shareholding pattern (Table II - Promoter & Promoter Group), as at 2026-06-30"
AXISBANK,Axis Bank Limited,LIC HFL Asset Management Company Ltd,Promoter,0,,,,,filing (token),high,IN,,,,"SEBI LODR Reg 31 shareholding pattern (Table II - Promoter & Promoter Group), as at 2026-06-30"
AXISBANK,Axis Bank Limited,LIC Mutual Fund Asset Management Ltd,Promoter,0,,,,,filing (token),high,IN,,,,"SEBI LODR Reg 31 shareholding pattern (Table II - Promoter & Promoter Group), as at 2026-06-30"
AXISBANK,Axis Bank Limited,LIC Mutual Fund Trustee Company Pvt Ltd,Promoter,0,,,,,filing (token),high,IN,,,,"SEBI LODR Reg 31 shareholding pattern (Table II - Promoter & Promoter Group), as at 2026-06-30"
AXISBANK,Axis Bank Limited,IDBI Bank Ltd,Promoter,0,,,,,filing (token),high,IN,,,,"SEBI LODR Reg 31 shareholding pattern (Table II - Promoter & Promoter Group), as at 2026-06-30"
AXISBANK,Axis Bank Limited,IDBI Trusteeship Services Ltd,Promoter,0,,,,,filing (token),high,IN,,,,"SEBI LODR Reg 31 shareholding pattern (Table II - Promoter & Promoter Group), as at 2026-06-30"
AXISBANK,Axis Bank Limited,ICICI Prudential Mutual Fund - Through its various Schemes,Domestic AMC,179703834,,,,,rule:indian-fund-scheme,high,IN,asset_manager,managed_funds,,matched by deterministic name rule
AXISBANK,Axis Bank Limited,SBI Mutual Fund - Through its various Schemes,Domestic AMC,162856558,,,,,rule:indian-fund-scheme,high,IN,asset_manager,managed_funds,,matched by deterministic name rule
AXISBANK,Axis Bank Limited,HDFC Mutual Fund - Through its various Schemes,Domestic AMC,151842080,,,,,rule:indian-fund-scheme,high,IN,asset_manager,managed_funds,,matched by deterministic name rule
AXISBANK,Axis Bank Limited,NIPPON Mutual Fund - Through its various Schemes,Domestic AMC,109026873,,,,,rule:indian-fund-scheme,high,IN,asset_manager,managed_funds,,matched by deterministic name rule
AXISBANK,Axis Bank Limited,NPS TRUST - Through its various Schemes,Domestic Pension Fund,102310219,,,,,rule:indian-pension-scheme,high,IN,pension_fund,pension_assets,,matched by deterministic name rule
AXISBANK,Axis Bank Limited,THE BANK OF NEW YORK MELLON,Bank,96096470,,,,,rule:bank-by-name,medium,,bank,own_balance_sheet,REVIEW,matched by deterministic name rule
AXISBANK,Axis Bank Limited,UTI Mutual Fund - Through its various Schemes,Domestic AMC,58090514,,,,,rule:indian-fund-scheme,high,IN,asset_manager,managed_funds,,matched by deterministic name rule
AXISBANK,Axis Bank Limited,DODGE AND COX INTERNATIONAL STOCK FUND,Foreign AMC,57718650,,,,,rule:foreign-fund-house,medium,,asset_manager,managed_funds,REVIEW,matched by deterministic name rule
AXISBANK,Axis Bank Limited,GOVERNMENT PENSION FUND GLOBAL,Foreign Government,57654680,,,,,web,high,NO,sovereign_wealth_fund,sovereign_assets,,https://en.wikipedia.org/wiki/Government_Pension_Fund_of_Norway
AXISBANK,Axis Bank Limited,GOVERNMENT OF SINGAPORE,Foreign Government,49578669,,,,,web,high,SG,sovereign_wealth_fund,sovereign_assets,,https://ifswf.org/member-profiles/government-singapore-investment-corporation
AXISBANK,Axis Bank Limited,KOTAK Mutual Fund - Through its various Schemes,Domestic AMC,48072944,,,,,rule:indian-fund-scheme,high,IN,asset_manager,managed_funds,,matched by deterministic name rule
AXISBANK,Axis Bank Limited,DSP Mutual Fund - Through its various Schemes,Domestic AMC,43645553,,,,,rule:indian-fund-scheme,high,IN,asset_manager,managed_funds,,matched by deterministic name rule
AXISBANK,Axis Bank Limited,SBI LIFE INSURANCE CO. LTD,Domestic Insurance,42192622,,,,,rule:insurance+india,high,IN,insurer,insurance_float,,matched by deterministic name rule
AXISBANK,Axis Bank Limited,Aditya Birla Mutual Fund - Through its various Schemes,Domestic AMC,39174519,,,,,rule:indian-fund-scheme,high,IN,asset_manager,managed_funds,,matched by deterministic name rule
AXISBANK,Axis Bank Limited,Parag Parikh Mutual Fund - Through its various Schemes,Domestic AMC,36423887,,,,,rule:indian-fund-scheme,high,IN,asset_manager,managed_funds,,matched by deterministic name rule
AXISBANK,Axis Bank Limited,Mirae Asset Mutual Fund - Through its various Schemes,Domestic AMC,35977419,,,,,rule:indian-fund-scheme,high,IN,asset_manager,managed_funds,,matched by deterministic name rule
AXISBANK,Axis Bank Limited,VANGUARD TOTAL INTERNATIONAL STOCK INDEX FUND,Foreign AMC,33761498,,,,,web,high,US,asset_manager,managed_funds,,https://sec.gov/Archives/edgar/data/736054/000168386322001087/f11043d1.htm
AXISBANK,Axis Bank Limited,"VANGUARD EMERGING MARKETS STOCK INDEX FUND, A SERI",Foreign AMC,31958815,,,,,rule:foreign-fund-house,medium,,asset_manager,managed_funds,REVIEW,matched by deterministic name rule
BAJAJ-AUTO,Bajaj Auto Limited,BAJAJ HOLDINGS AND INVESTMENT LIMITED,Promoter,95547251,,,,,filing (token+numeric),high,IN,,,,"SEBI LODR Reg 31 shareholding pattern (Table II - Promoter & Promoter Group), as at 2026-06-30"
BAJAJ-AUTO,Bajaj Auto Limited,JAMNALAL SONS PVT LIMITED,Promoter,25960841,,,,,filing (token+numeric),high,IN,,,,"SEBI LODR Reg 31 shareholding pattern (Table II - Promoter & Promoter Group), as at 2026-06-30"
BAJAJ-AUTO,Bajaj Auto Limited,MAHARASHTRA SCOOTERS LIMITED,Promoter,6927794,,,,,filing (token+numeric),high,IN,,,,"SEBI LODR Reg 31 shareholding pattern (Table II - Promoter & Promoter Group), as at 2026-06-30"
BAJAJ-AUTO,Bajaj Auto Limited,BAJAJ SEVASHRAM PVT LIMITED,Promoter,4408288,,,,,filing (token+numeric),high,IN,,,,"SEBI LODR Reg 31 shareholding pattern (Table II - Promoter & Promoter Group), as at 2026-06-30"
BAJAJ-AUTO,Bajaj Auto Limited,BACHHRAJ AND COMPANY PVT LIMITED,Promoter,3646362,,,,,filing (token+numeric),high,IN,,,,"SEBI LODR Reg 31 shareholding pattern (Table II - Promoter & Promoter Group), as at 2026-06-30"
BAJAJ-AUTO,Bajaj Auto Limited,YAMUNA TRUST,Promoter,3615269,,,,,filing (token+numeric),high,IN,,,,"SEBI LODR Reg 31 shareholding pattern (Table II - Promoter & Promoter Group), as at 2026-06-30"
BAJAJ-AUTO,Bajaj Auto Limited,BACHHRAJ FACTORIES PVT LIMITED,Promoter,1937254,,,,,filing (token+numeric),high,IN,,,,"SEBI LODR Reg 31 shareholding pattern (Table II - Promoter & Promoter Group), as at 2026-06-30"
BAJAJ-AUTO,Bajaj Auto Limited,BARODA INDUSTRIES PVT LIMITED,Promoter,1650423,,,,,filing (token+numeric),high,IN,,,,"SEBI LODR Reg 31 shareholding pattern (Table II - Promoter & Promoter Group), as at 2026-06-30"
BAJAJ-AUTO,Bajaj Auto Limited,SUMAN JAIN,Promoter,1047008,,,,,filing (token+numeric),high,IN,,,,"SEBI LODR Reg 31 shareholding pattern (Table II - Promoter & Promoter Group), as at 2026-06-30"
BAJAJ-AUTO,Bajaj Auto Limited,MANISH KEJRIWAL,Promoter,842471,,,,,filing (token+numeric),high,IN,,,,"SEBI LODR Reg 31 shareholding pattern (Table II - Promoter & Promoter Group), as at 2026-06-30"
BAJAJ-AUTO,Bajaj Auto Limited,NIRAVNAYAN BAJAJ,Promoter,790066,,,,,filing (token+numeric),high,IN,,,,"SEBI LODR Reg 31 shareholding pattern (Table II - Promoter & Promoter Group), as at 2026-06-30"
BAJAJ-AUTO,Bajaj Auto Limited,RAJIVNAYAN BAJAJ,Promoter,745001,,,,,filing (token+numeric),high,IN,,,,"SEBI LODR Reg 31 shareholding pattern (Table II - Promoter & Promoter Group), as at 2026-06-30"
BAJAJ-AUTO,Bajaj Auto Limited,MINAL BAJAJ,Promoter,664743,,,,,filing (token+numeric),high,IN,,,,"SEBI LODR Reg 31 shareholding pattern (Table II - Promoter & Promoter Group), as at 2026-06-30"
BAJAJ-AUTO,Bajaj Auto Limited,NIRAJ BAJAJ (NIRAVNAYAN TRUST),Promoter,518005,,,,,filing (token+numeric),high,IN,,,,"SEBI LODR Reg 31 shareholding pattern (Table II - Promoter & Promoter Group), as at 2026-06-30"
BAJAJ-AUTO,Bajaj Auto Limited,NEELIMA BAJAJ SWAMY (NEELIMA BAJAJ SWAMY FAMILY TRUST),Promoter,455811,,,,,filing (token+numeric),high,IN,,,,"SEBI LODR Reg 31 shareholding pattern (Table II - Promoter & Promoter Group), as at 2026-06-30"
BAJAJ-AUTO,Bajaj Auto Limited,NIMISHA JAIPURIA (NIMISHA JAIPURIA FAMILY TRUST),Promoter,452292,,,,,filing (token+numeric),high,IN,,,,"SEBI LODR Reg 31 shareholding pattern (Table II - Promoter & Promoter Group), as at 2026-06-30"
BAJAJ-AUTO,Bajaj Auto Limited,MADHUR BAJAJ (NIMISHA BAJAJ FAMILY TRUST),Promoter,440211,,,,,filing (token+numeric),high,IN,,,,"SEBI LODR Reg 31 shareholding pattern (Table II - Promoter & Promoter Group), as at 2026-06-30"
BAJAJ-AUTO,Bajaj Auto Limited,DEEPA BAJAJ,Promoter,424904,,,,,filing (token+numeric),high,IN,,,,"SEBI LODR Reg 31 shareholding pattern (Table II - Promoter & Promoter Group), as at 2026-06-30"
BAJAJ-AUTO,Bajaj Auto Limited,KUMUD BAJAJ (NEELIMA BAJAJ FAMILY TRUST),Promoter,401081,,,,,filing (token+numeric),high,IN,,,,"SEBI LODR Reg 31 shareholding pattern (Table II - Promoter & Promoter Group), as at 2026-06-30"
BAJAJ-AUTO,Bajaj Auto Limited,KUMUD BAJAJ,Promoter,395122,,,,,filing (token+numeric),high,IN,,,,"SEBI LODR Reg 31 shareholding pattern (Table II - Promoter & Promoter Group), as at 2026-06-30"
BAJAJ-AUTO,Bajaj Auto Limited,RISHABNAYAN BAJAJ,Promoter,366336,,,,,filing (token+numeric),high,IN,,,,"SEBI LODR Reg 31 shareholding pattern (Table II - Promoter & Promoter Group), as at 2026-06-30"
BAJAJ-AUTO,Bajaj Auto Limited,RUPA EQUITIES PVT LIMITED,Promoter,336803,,,,,filing (token+numeric),high,IN,,,,"SEBI LODR Reg 31 shareholding pattern (Table II - Promoter & Promoter Group), as at 2026-06-30"
BAJAJ-AUTO,Bajaj Auto Limited,RAHUL SECURITIES PVT LIMITED,Promoter,320600,,,,,filing (token+numeric),high,IN,,,,"SEBI LODR Reg 31 shareholding pattern (Table II - Promoter & Promoter Group), as at 2026-06-30"
BAJAJ-AUTO,Bajaj Auto Limited,SANJIVNAYAN BAJAJ ( SANJALI FAMILY TRUST),Promoter,216329,,,,,filing (token+numeric),high,IN,,,,"SEBI LODR Reg 31 shareholding pattern (Table II - Promoter & Promoter Group), as at 2026-06-30"
BAJAJ-AUTO,Bajaj Auto Limited,NIRVAAN KEJRIWAL,Promoter,209760,,,,,filing (token+numeric),high,IN,,,,"SEBI LODR Reg 31 shareholding pattern (Table II - Promoter & Promoter Group), as at 2026-06-30"
BAJAJ-AUTO,Bajaj Auto Limited,SANJIVNAYAN BAJAJ (SIDDHANT FAMILY TRUST),Promoter,202354,,,,,filing (token+numeric),high,IN,,,,"SEBI LODR Reg 31 shareholding pattern (Table II - Promoter & Promoter Group), as at 2026-06-30"
BAJAJ-AUTO,Bajaj Auto Limited,NIMISHA JAIPURIA,Promoter,200991,,,,,filing (token+numeric),high,IN,,,,"SEBI LODR Reg 31 shareholding pattern (Table II - Promoter & Promoter Group), as at 2026-06-30"
BAJAJ-AUTO,Bajaj Auto Limited,SANJIVNAYAN BAJAJ,Promoter,200000,,,,,filing (token+numeric),high,IN,,,,"SEBI LODR Reg 31 shareholding pattern (Table II - Promoter & Promoter Group), as at 2026-06-30"
BAJAJ-AUTO,Bajaj Auto Limited,NEELIMA BAJAJ SWAMY,Promoter,197561,,,,,filing (token+numeric),high,IN,,,,"SEBI LODR Reg 31 shareholding pattern (Table II - Promoter & Promoter Group), as at 2026-06-30"
BAJAJ-AUTO,Bajaj Auto Limited,MANISH KEJRIWAL (ARYAMAN FAMILY TRUST),Promoter,197561,,,,,filing (token+numeric),high,IN,,,,"SEBI LODR Reg 31 shareholding pattern (Table II - Promoter & Promoter Group), as at 2026-06-30"
BAJAJ-AUTO,Bajaj Auto Limited,HERCULES IINVESTMENTS LIMITED (Formerly Known as Hercules Hoists Limited ),Promoter,182590,,,,,filing (token+numeric),high,IN,,,,"SEBI LODR Reg 31 shareholding pattern (Table II - Promoter & Promoter Group), as at 2026-06-30"
BAJAJ-AUTO,Bajaj Auto Limited,KUMUD BAJAJ (MADHUR NEELIMA FAMILY TRUST),Promoter,174584,,,,,filing (token+numeric),high,IN,,,,"SEBI LODR Reg 31 shareholding pattern (Table II - Promoter & Promoter Group), as at 2026-06-30"
BAJAJ-AUTO,Bajaj Auto Limited,KUMUD BAJAJ (MADHUR NIMISHA FAMILY TRUST),Promoter,174584,,,,,filing (token+numeric),high,IN,,,,"SEBI LODR Reg 31 shareholding pattern (Table II - Promoter & Promoter Group), as at 2026-06-30"
BAJAJ-AUTO,Bajaj Auto Limited,MADHUR BAJAJ ( KUMUD NEELIMA FAMILY TRUST),Promoter,174583,,,,,filing (token+numeric),high,IN,,,,"SEBI LODR Reg 31 shareholding pattern (Table II - Promoter & Promoter Group), as at 2026-06-30"
BAJAJ-AUTO,Bajaj Auto Limited,MADHUR BAJAJ ( KUMUD NIMISHA FAMILY TRUST),Promoter,174583,,,,,filing (token+numeric),high,IN,,,,"SEBI LODR Reg 31 shareholding pattern (Table II - Promoter & Promoter Group), as at 2026-06-30"
BAJAJ-AUTO,Bajaj Auto Limited,SHEFALI BAJAJ,Promoter,171120,,,,,filing (token+numeric),high,IN,,,,"SEBI LODR Reg 31 shareholding pattern (Table II - Promoter & Promoter Group), as at 2026-06-30"
BAJAJ-AUTO,Bajaj Auto Limited,POOJA BAJAJ,Promoter,163321,,,,,filing (token+numeric),high,IN,,,,"SEBI LODR Reg 31 shareholding pattern (Table II - Promoter & Promoter Group), as at 2026-06-30"
BAJAJ-AUTO,Bajaj Auto Limited,NIRAV TRUST,Promoter,162700,,,,,filing (token+numeric),high,IN,,,,"SEBI LODR Reg 31 shareholding pattern (Table II - Promoter & Promoter Group), as at 2026-06-30"
BAJAJ-AUTO,Bajaj Auto Limited,SUNAINA KEJRIWAL (NIRVAAN FAMILY TRUST),Promoter,158049,,,,,filing (token+numeric),high,IN,,,,"SEBI LODR Reg 31 shareholding pattern (Table II - Promoter & Promoter Group), as at 2026-06-30"
BAJAJ-AUTO,Bajaj Auto Limited,NIRAJ BAJAJ (NIRAVNAYAN BAJAJ FAMILY TRUST),Promoter,148171,,,,,filing (token+numeric),high,IN,,,,"SEBI LODR Reg 31 shareholding pattern (Table II - Promoter & Promoter Group), as at 2026-06-30"
BAJAJ-AUTO,Bajaj Auto Limited,MINAL NIRAJ BAJAJ (KRITI BAJAJ FAMILY TRUST),Promoter,148171,,,,,filing (token+numeric),high,IN,,,,"SEBI LODR Reg 31 shareholding pattern (Table II - Promoter & Promoter Group), as at 2026-06-30"
BAJAJ-AUTO,Bajaj Auto Limited,SIDDHANTNAYAN BAJAJ,Promoter,142000,,,,,filing (token+numeric),high,IN,,,,"SEBI LODR Reg 31 shareholding pattern (Table II - Promoter & Promoter Group), as at 2026-06-30"
BAJAJ-AUTO,Bajaj Auto Limited,SANJALI BAJAJ,Promoter,142000,,,,,filing (token+numeric),high,IN,,,,"SEBI LODR Reg 31 shareholding pattern (Table II - Promoter & Promoter Group), as at 2026-06-30"
BAJAJ-AUTO,Bajaj Auto Limited,KIRAN BAJAJ,Promoter,133671,,,,,filing (token+numeric),high,IN,,,,"SEBI LODR Reg 31 shareholding pattern (Table II - Promoter & Promoter Group), as at 2026-06-30"
BAJAJ-AUTO,Bajaj Auto Limited,SANJIV TRUST,Promoter,131126,,,,,filing (token+numeric),high,IN,,,,"SEBI LODR Reg 31 shareholding pattern (Table II - Promoter & Promoter Group), as at 2026-06-30"
BAJAJ-AUTO,Bajaj Auto Limited,RAJIV TRUST,Promoter,131000,,,,,filing (token+numeric),high,IN,,,,"SEBI LODR Reg 31 shareholding pattern (Table II - Promoter & Promoter Group), as at 2026-06-30"
BAJAJ-AUTO,Bajaj Auto Limited,KAMALNAYAN INVESTMENT &amp; TRADING PVT LIMITED,Promoter,130588,,,,,filing (token+numeric),high,IN,,,,"SEBI LODR Reg 31 shareholding pattern (Table II - Promoter & Promoter Group), as at 2026-06-30"
BAJAJ-AUTO,Bajaj Auto Limited,BAJAJ LIFE INSURANCE LIMITED ( Formely Known as Bajaj Allianz Life Insurance Company Limited),Promoter,125000,,,,,filing (token+numeric),high,IN,,,,"SEBI LODR Reg 31 shareholding pattern (Table II - Promoter & Promoter Group), as at 2026-06-30"
BAJAJ-AUTO,Bajaj Auto Limited,ANANT BAJAJ TRUST,Promoter,123233,,,,,filing (token+numeric),high,IN,,,,"SEBI LODR Reg 31 shareholding pattern (Table II - Promoter & Promoter Group), as at 2026-06-30"
BAJAJ-AUTO,Bajaj Auto Limited,ARYAN BAJAJ,Promoter,100000,,,,,filing (token+numeric),high,IN,,,,"SEBI LODR Reg 31 shareholding pattern (Table II - Promoter & Promoter Group), as at 2026-06-30"
BAJAJ-AUTO,Bajaj Auto Limited,MADHUR SECURITIES PVT LIMITED,Promoter,78432,,,,,filing (token+numeric),high,IN,,,,"SEBI LODR Reg 31 shareholding pattern (Table II - Promoter & Promoter Group), as at 2026-06-30"
BAJAJ-AUTO,Bajaj Auto Limited,NIRAJ HOLDINGS PVT LIMITED,Promoter,72987,,,,,filing (token+numeric),high,IN,,,,"SEBI LODR Reg 31 shareholding pattern (Table II - Promoter & Promoter Group), as at 2026-06-30"
BAJAJ-AUTO,Bajaj Auto Limited,SHEKHAR HOLDINGS PVT LIMITED,Promoter,62232,,,,,filing (token+numeric),high,IN,,,,"SEBI LODR Reg 31 shareholding pattern (Table II - Promoter & Promoter Group), as at 2026-06-30"
BAJAJ-AUTO,Bajaj Auto Limited,SANRAJ NAYAN INVESTMENTS PVT LIMITED,Promoter,59269,,,,,filing (token+numeric),high,IN,,,,"SEBI LODR Reg 31 shareholding pattern (Table II - Promoter & Promoter Group), as at 2026-06-30"
BAJAJ-AUTO,Bajaj Auto Limited,NIRAJ BAJAJ,Promoter,42103,,,,,filing (token+numeric),high,IN,,,,"SEBI LODR Reg 31 shareholding pattern (Table II - Promoter & Promoter Group), as at 2026-06-30"
BAJAJ-AUTO,Bajaj Auto Limited,THE HINDUSTAN HOUSING COMPANY LIMITED,Promoter,20547,,,,,filing (token+numeric),high,IN,,,,"SEBI LODR Reg 31 shareholding pattern (Table II - Promoter & Promoter Group), as at 2026-06-30"
BAJAJ-AUTO,Bajaj Auto Limited,VANRAJ BAJAJ,Promoter,13822,,,,,filing (token+numeric),high,IN,,,,"SEBI LODR Reg 31 shareholding pattern (Table II - Promoter & Promoter Group), as at 2026-06-30"
BAJAJ-AUTO,Bajaj Auto Limited,SHEKHAR BAJAJ,Promoter,6020,,,,,filing (token+numeric),high,IN,,,,"SEBI LODR Reg 31 shareholding pattern (Table II - Promoter & Promoter Group), as at 2026-06-30"
BAJAJ-AUTO,Bajaj Auto Limited,SANJIVNAYAN BAJAJ (SIDDHANT TRUST),Promoter,4000,,,,,filing (token+numeric),high,IN,,,,"SEBI LODR Reg 31 shareholding pattern (Table II - Promoter & Promoter Group), as at 2026-06-30"
BAJAJ-AUTO,Bajaj Auto Limited,RAJIVNAYAN BAJAJ (RISHAB TRUST),Promoter,2000,,,,,filing (token+numeric),high,IN,,,,"SEBI LODR Reg 31 shareholding pattern (Table II - Promoter & Promoter Group), as at 2026-06-30"
BAJAJ-AUTO,Bajaj Auto Limited,NIRAJ BAJAJ (DEEPA TRUST),Promoter,2000,,,,,filing (token+numeric),high,IN,,,,"SEBI LODR Reg 31 shareholding pattern (Table II - Promoter & Promoter Group), as at 2026-06-30"
BAJAJ-AUTO,Bajaj Auto Limited,SANJIVNAYAN BAJAJ (SANJALI TRUST),Promoter,2000,,,,,filing (token+numeric),high,IN,,,,"SEBI LODR Reg 31 shareholding pattern (Table II - Promoter & Promoter Group), as at 2026-06-30"
BAJAJ-AUTO,Bajaj Auto Limited,SUNAINA KEJRIWAL (NIRVAAN TRUST),Promoter,200,,,,,filing (token+numeric),high,IN,,,,"SEBI LODR Reg 31 shareholding pattern (Table II - Promoter & Promoter Group), as at 2026-06-30"
BAJAJ-AUTO,Bajaj Auto Limited,ARYAMAN TRUST,Promoter,200,,,,,filing (token+numeric),high,IN,,,,"SEBI LODR Reg 31 shareholding pattern (Table II - Promoter & Promoter Group), as at 2026-06-30"
BAJAJ-AUTO,Bajaj Auto Limited,BAJAJ FINANCE LIMITED,Promoter,150,,,,,filing (token+numeric),high,IN,,,,"SEBI LODR Reg 31 shareholding pattern (Table II - Promoter & Promoter Group), as at 2026-06-30"
BAJAJ-AUTO,Bajaj Auto Limited,VIHAAN JAIPURIA,Promoter,0,,,,,filing (token),high,IN,,,,"SEBI LODR Reg 31 shareholding pattern (Table II - Promoter & Promoter Group), as at 2026-06-30"
BAJAJ-AUTO,Bajaj Auto Limited,SHEETAL BAJAJ,Promoter,0,,,,,filing (token),high,IN,,,,"SEBI LODR Reg 31 shareholding pattern (Table II - Promoter & Promoter Group), as at 2026-06-30"
BAJAJ-AUTO,Bajaj Auto Limited,GEETIKA BAJAJ,Promoter,0,,,,,filing (token),high,IN,,,,"SEBI LODR Reg 31 shareholding pattern (Table II - Promoter & Promoter Group), as at 2026-06-30"
BAJAJ-AUTO,Bajaj Auto Limited,AARAV SWAMY,Promoter,0,,,,,filing (token),high,IN,,,,"SEBI LODR Reg 31 shareholding pattern (Table II - Promoter & Promoter Group), as at 2026-06-30"
BAJAJ-AUTO,Bajaj Auto Limited,RISHAB FAMILY TRUST,Promoter,0,,,,,filing (token),high,IN,,,,"SEBI LODR Reg 31 shareholding pattern (Table II - Promoter & Promoter Group), as at 2026-06-30"
BAJAJ-AUTO,Bajaj Auto Limited,BAJAJ TRADING COMPANY,Promoter,0,,,,,filing (token),high,IN,,,,"SEBI LODR Reg 31 shareholding pattern (Table II - Promoter & Promoter Group), as at 2026-06-30"
BAJAJ-AUTO,Bajaj Auto Limited,RAJIVNAYAN BAJAJ HUF,Promoter,0,,,,,filing (token),high,IN,,,,"SEBI LODR Reg 31 shareholding pattern (Table II - Promoter & Promoter Group), as at 2026-06-30"
BAJAJ-AUTO,Bajaj Auto Limited,SANJIVNAYAN BAJAJ HUF,Promoter,0,,,,,filing (token),high,IN,,,,"SEBI LODR Reg 31 shareholding pattern (Table II - Promoter & Promoter Group), as at 2026-06-30"
BAJAJ-AUTO,Bajaj Auto Limited,BAJAJ INTERNATIONAL PVT LIMITED,Promoter,0,,,,,filing (token),high,IN,,,,"SEBI LODR Reg 31 shareholding pattern (Table II - Promoter & Promoter Group), as at 2026-06-30"
BAJAJ-AUTO,Bajaj Auto Limited,ROSE REALTORS PVT LIMITED,Promoter,0,,,,,filing (token),high,IN,,,,"SEBI LODR Reg 31 shareholding pattern (Table II - Promoter & Promoter Group), as at 2026-06-30"
BAJAJ-AUTO,Bajaj Auto Limited,EMERALD ACRES PVT LIMITED,Promoter,0,,,,,filing (token),high,IN,,,,"SEBI LODR Reg 31 shareholding pattern (Table II - Promoter & Promoter Group), as at 2026-06-30"
BAJAJ-AUTO,Bajaj Auto Limited,SANKALP RESORTS PVT LIMITED,Promoter,0,,,,,filing (token),high,IN,,,,"SEBI LODR Reg 31 shareholding pattern (Table II - Promoter & Promoter Group), as at 2026-06-30"
BAJAJ-AUTO,Bajaj Auto Limited,HIND MUSAFIR AGENCY LIMITED,Promoter,0,,,,,filing (token),high,IN,,,,"SEBI LODR Reg 31 shareholding pattern (Table II - Promoter & Promoter Group), as at 2026-06-30"
BAJAJ-AUTO,Bajaj Auto Limited,GEETIKA SHEKHAR BAJAJ TRUST,Promoter,0,,,,,filing (token),high,IN,,,,"SEBI LODR Reg 31 shareholding pattern (Table II - Promoter & Promoter Group), as at 2026-06-30"
BAJAJ-AUTO,Bajaj Auto Limited,VANRAJ BAJAJ TRUST,Promoter,0,,,,,filing (token),high,IN,,,,"SEBI LODR Reg 31 shareholding pattern (Table II - Promoter & Promoter Group), as at 2026-06-30"
BAJAJ-AUTO,Bajaj Auto Limited,BAJAJ INTEGRATED HEALTH SYSTEM PVT LTD (formerly known as Bajaj Vitality Pvt Ltd),Promoter,0,,,,,filing (token),high,IN,,,,"SEBI LODR Reg 31 shareholding pattern (Table II - Promoter & Promoter Group), as at 2026-06-30"
BAJAJ-AUTO,Bajaj Auto Limited,INDEF MANUFACTURING LIMITED,Promoter,0,,,,,filing (token),high,IN,,,,"SEBI LODR Reg 31 shareholding pattern (Table II - Promoter & Promoter Group), as at 2026-06-30"
BAJAJ-AUTO,Bajaj Auto Limited,ARYAN NAYAN REALTY LLP,Promoter,0,,,,,filing (token),high,IN,,,,"SEBI LODR Reg 31 shareholding pattern (Table II - Promoter & Promoter Group), as at 2026-06-30"
BAJAJ-AUTO,Bajaj Auto Limited,RDR VENTURES LLP,Promoter,0,,,,,filing (token),high,IN,,,,"SEBI LODR Reg 31 shareholding pattern (Table II - Promoter & Promoter Group), as at 2026-06-30"
BAJAJ-AUTO,Bajaj Auto Limited,BAJAJ FINSERV LIMITED,Promoter,0,,,,,filing (token),high,IN,,,,"SEBI LODR Reg 31 shareholding pattern (Table II - Promoter & Promoter Group), as at 2026-06-30"
BAJAJ-AUTO,Bajaj Auto Limited,BAJAJ AUTO HOLDINGS LIMITED,Promoter,0,,,,,filing (token),high,IN,,,,"SEBI LODR Reg 31 shareholding pattern (Table II - Promoter & Promoter Group), as at 2026-06-30"
BAJAJ-AUTO,Bajaj Auto Limited,SRB &amp; Family LLP,Promoter,0,,,,,filing (token),high,IN,,,,"SEBI LODR Reg 31 shareholding pattern (Table II - Promoter & Promoter Group), as at 2026-06-30"
BAJAJ-AUTO,Bajaj Auto Limited,DRR &amp; Family LLP,Promoter,0,,,,,filing (token),high,IN,,,,"SEBI LODR Reg 31 shareholding pattern (Table II - Promoter & Promoter Group), as at 2026-06-30"
BAJAJ-AUTO,Bajaj Auto Limited,NRB &amp; Family LLP,Promoter,0,,,,,filing (token),high,IN,,,,"SEBI LODR Reg 31 shareholding pattern (Table II - Promoter & Promoter Group), as at 2026-06-30"
BAJAJ-AUTO,Bajaj Auto Limited,SRJB Family LLP,Promoter,0,,,,,filing (token),high,IN,,,,"SEBI LODR Reg 31 shareholding pattern (Table II - Promoter & Promoter Group), as at 2026-06-30"
BAJAJ-AUTO,Bajaj Auto Limited,SNRS Family LLP,Promoter,0,,,,,filing (token),high,IN,,,,"SEBI LODR Reg 31 shareholding pattern (Table II - Promoter & Promoter Group), as at 2026-06-30"
BAJAJ-AUTO,Bajaj Auto Limited,LICI ULIP-GROWTH FUND,Domestic Insurance,13639328,,,,,rule:indian-insurer-scheme,high,IN,insurer,insurance_float,,matched by deterministic name rule
BAJAJ-AUTO,Bajaj Auto Limited,JAYA HIND INDUSTRIES PRIVATE LIMITED,Domestic corporate,9949160,,,,,rule:indian-legal-form,medium,IN,operating_company,operating_company_treasury,REVIEW,matched by deterministic name rule
BAJAJ-AUTO,Bajaj Auto Limited,HDFC MUTUAL FUND-HDFC HYBRID DEBT FUND,Domestic AMC,4468974,,,,,rule:indian-fund-scheme,high,IN,asset_manager,managed_funds,,matched by deterministic name rule
BAJAJ-AUTO,Bajaj Auto Limited,SBI NIFTY 50 EQUAL WEIGHT INDEX FUND,Domestic AMC,3781840,,,,,rule:indian-fund-scheme,high,IN,asset_manager,managed_funds,,matched by deterministic name rule
BAJAJ-AUTO,Bajaj Auto Limited,NPS TRUST A/C UTI PENSION FUND LIMITED-SCHEME CENT,Domestic AMC,2815667,,,,,rule:amc+india,high,IN,asset_manager,managed_funds,,matched by deterministic name rule
BAJAJ-AUTO,Bajaj Auto Limited,KRITI BAJAJ,Individual,486810,,,,,bloomberg-holder-type,high,IN,,,,deterministic rule
BAJAJ-AUTO,Bajaj Auto Limited,ARYAMAN KEJRIWAL,Individual,209759,,,,,bloomberg-holder-type,high,IN,,,,deterministic rule
BAJFINANCE,Bajaj Finance Limited,BAJAJ FINSERV LIMITED,Promoter,3193661300,,,,,filing (token+numeric),high,IN,,,,"SEBI LODR Reg 31 shareholding pattern (Table II - Promoter & Promoter Group), as at 2026-06-30"
BAJFINANCE,Bajaj Finance Limited,MAHARASHTRA SCOOTERS LIMITED,Promoter,190261600,,,,,filing (token+numeric),high,IN,,,,"SEBI LODR Reg 31 shareholding pattern (Table II - Promoter & Promoter Group), as at 2026-06-30"
BAJFINANCE,Bajaj Finance Limited,SANJIVNAYAN BAJAJ,Promoter,4676880,,,,,filing (token+numeric),high,IN,,,,"SEBI LODR Reg 31 shareholding pattern (Table II - Promoter & Promoter Group), as at 2026-06-30"
BAJFINANCE,Bajaj Finance Limited,BAJAJ SEVASHRAM PRIVATE LIMITED,Promoter,3085000,,,,,filing (token+numeric),high,IN,,,,"SEBI LODR Reg 31 shareholding pattern (Table II - Promoter & Promoter Group), as at 2026-06-30"
BAJFINANCE,Bajaj Finance Limited,BAJAJ LIFE INSURANCE LIMITED,Promoter,2470000,,,,,filing (token+numeric),high,IN,,,,"SEBI LODR Reg 31 shareholding pattern (Table II - Promoter & Promoter Group), as at 2026-06-30"
BAJFINANCE,Bajaj Finance Limited,SANJALI BAJAJ,Promoter,1553540,,,,,filing (token+numeric),high,IN,,,,"SEBI LODR Reg 31 shareholding pattern (Table II - Promoter & Promoter Group), as at 2026-06-30"
BAJFINANCE,Bajaj Finance Limited,SIDDHANTNAYAN BAJAJ,Promoter,1553040,,,,,filing (token+numeric),high,IN,,,,"SEBI LODR Reg 31 shareholding pattern (Table II - Promoter & Promoter Group), as at 2026-06-30"
BAJFINANCE,Bajaj Finance Limited,JAMNALAL SONS PRIVATE LIMITED,Promoter,1276400,,,,,filing (token+numeric),high,IN,,,,"SEBI LODR Reg 31 shareholding pattern (Table II - Promoter & Promoter Group), as at 2026-06-30"
BAJFINANCE,Bajaj Finance Limited,BARODA INDUSTRIES PRIVATE LIMITED,Promoter,1176000,,,,,filing (token+numeric),high,IN,,,,"SEBI LODR Reg 31 shareholding pattern (Table II - Promoter & Promoter Group), as at 2026-06-30"
BAJFINANCE,Bajaj Finance Limited,BAJAJ GENERAL INSURANCE LIMITED,Promoter,921000,,,,,filing (token+numeric),high,IN,,,,"SEBI LODR Reg 31 shareholding pattern (Table II - Promoter & Promoter Group), as at 2026-06-30"
BAJFINANCE,Bajaj Finance Limited,BACHHRAJ FACTORIES PRIVATE LIMITED,Promoter,720000,,,,,filing (token+numeric),high,IN,,,,"SEBI LODR Reg 31 shareholding pattern (Table II - Promoter & Promoter Group), as at 2026-06-30"
BAJFINANCE,Bajaj Finance Limited,SHEFALI BAJAJ,Promoter,631040,,,,,filing (token+numeric),high,IN,,,,"SEBI LODR Reg 31 shareholding pattern (Table II - Promoter & Promoter Group), as at 2026-06-30"
BAJFINANCE,Bajaj Finance Limited,Nimisha Bajaj Family Trust (Kumud Bajaj),Promoter,610000,,,,,filing (token+numeric),high,IN,,,,"SEBI LODR Reg 31 shareholding pattern (Table II - Promoter & Promoter Group), as at 2026-06-30"
BAJFINANCE,Bajaj Finance Limited,Neelima Bajaj Family Trust (Kumud Bajaj),Promoter,610000,,,,,filing (token+numeric),high,IN,,,,"SEBI LODR Reg 31 shareholding pattern (Table II - Promoter & Promoter Group), as at 2026-06-30"
BAJFINANCE,Bajaj Finance Limited,Nimisha Jaipuria (A/c Kumud Neelima Family Trust),Promoter,150000,,,,,filing (token+numeric),high,IN,,,,"SEBI LODR Reg 31 shareholding pattern (Table II - Promoter & Promoter Group), as at 2026-06-30"
BAJFINANCE,Bajaj Finance Limited,Neelima Bajaj Swamy (A/c Kumud Nimisha Family Trust),Promoter,150000,,,,,filing (token+numeric),high,IN,,,,"SEBI LODR Reg 31 shareholding pattern (Table II - Promoter & Promoter Group), as at 2026-06-30"
BAJFINANCE,Bajaj Finance Limited,Kumud Bajaj (A/c Madhur Neelima Family Trust),Promoter,150000,,,,,filing (token+numeric),high,IN,,,,"SEBI LODR Reg 31 shareholding pattern (Table II - Promoter & Promoter Group), as at 2026-06-30"
BAJFINANCE,Bajaj Finance Limited,Kumud Bajaj (A/c Madhur Nimisha Family Trust),Promoter,150000,,,,,filing (token+numeric),high,IN,,,,"SEBI LODR Reg 31 shareholding pattern (Table II - Promoter & Promoter Group), as at 2026-06-30"
BAJFINANCE,Bajaj Finance Limited,SUMAN JAIN,Promoter,70150,,,,,filing (token+numeric),high,IN,,,,"SEBI LODR Reg 31 shareholding pattern (Table II - Promoter & Promoter Group), as at 2026-06-30"
BAJFINANCE,Bajaj Finance Limited,KUMUD BAJAJ,Promoter,40000,,,,,filing (token+numeric),high,IN,,,,"SEBI LODR Reg 31 shareholding pattern (Table II - Promoter & Promoter Group), as at 2026-06-30"
BAJFINANCE,Bajaj Finance Limited,RISHABNAYAN BAJAJ,Promoter,20000,,,,,filing (token+numeric),high,IN,,,,"SEBI LODR Reg 31 shareholding pattern (Table II - Promoter & Promoter Group), as at 2026-06-30"
BAJFINANCE,Bajaj Finance Limited,NIRVAAN KEJRIWAL,Promoter,20000,,,,,filing (token+numeric),high,IN,,,,"SEBI LODR Reg 31 shareholding pattern (Table II - Promoter & Promoter Group), as at 2026-06-30"
BAJFINANCE,Bajaj Finance Limited,RAJIVNAYAN BAJAJ,Promoter,10000,,,,,filing (token+numeric),high,IN,,,,"SEBI LODR Reg 31 shareholding pattern (Table II - Promoter & Promoter Group), as at 2026-06-30"
BAJFINANCE,Bajaj Finance Limited,SHEKHAR BAJAJ,Promoter,0,,,,,filing (token),high,IN,,,,"SEBI LODR Reg 31 shareholding pattern (Table II - Promoter & Promoter Group), as at 2026-06-30"
BAJFINANCE,Bajaj Finance Limited,NIRAJ BAJAJ,Promoter,0,,,,,filing (token),high,IN,,,,"SEBI LODR Reg 31 shareholding pattern (Table II - Promoter & Promoter Group), as at 2026-06-30"
BAJFINANCE,Bajaj Finance Limited,KIRAN BAJAJ,Promoter,0,,,,,filing (token),high,IN,,,,"SEBI LODR Reg 31 shareholding pattern (Table II - Promoter & Promoter Group), as at 2026-06-30"
BAJFINANCE,Bajaj Finance Limited,MINAL BAJAJ,Promoter,0,,,,,filing (token),high,IN,,,,"SEBI LODR Reg 31 shareholding pattern (Table II - Promoter & Promoter Group), as at 2026-06-30"
BAJFINANCE,Bajaj Finance Limited,GEETIKA BAJAJ,Promoter,0,,,,,filing (token),high,IN,,,,"SEBI LODR Reg 31 shareholding pattern (Table II - Promoter & Promoter Group), as at 2026-06-30"
BAJFINANCE,Bajaj Finance Limited,KRITI BAJAJ,Promoter,0,,,,,filing (token),high,IN,,,,"SEBI LODR Reg 31 shareholding pattern (Table II - Promoter & Promoter Group), as at 2026-06-30"
BAJFINANCE,Bajaj Finance Limited,NIRAV NAYAN BAJAJ,Promoter,0,,,,,filing (token),high,IN,,,,"SEBI LODR Reg 31 shareholding pattern (Table II - Promoter & Promoter Group), as at 2026-06-30"
BAJFINANCE,Bajaj Finance Limited,POOJA BAJAJ,Promoter,0,,,,,filing (token),high,IN,,,,"SEBI LODR Reg 31 shareholding pattern (Table II - Promoter & Promoter Group), as at 2026-06-30"
BAJFINANCE,Bajaj Finance Limited,VANRAJ BAJAJ,Promoter,0,,,,,filing (token),high,IN,,,,"SEBI LODR Reg 31 shareholding pattern (Table II - Promoter & Promoter Group), as at 2026-06-30"
BAJFINANCE,Bajaj Finance Limited,AARAV SWAMY,Promoter,0,,,,,filing (token),high,IN,,,,"SEBI LODR Reg 31 shareholding pattern (Table II - Promoter & Promoter Group), as at 2026-06-30"
BAJFINANCE,Bajaj Finance Limited,VIHAAN JAIPURIA,Promoter,0,,,,,filing (token),high,IN,,,,"SEBI LODR Reg 31 shareholding pattern (Table II - Promoter & Promoter Group), as at 2026-06-30"
BAJFINANCE,Bajaj Finance Limited,ARYAN BAJAJ,Promoter,0,,,,,filing (token),high,IN,,,,"SEBI LODR Reg 31 shareholding pattern (Table II - Promoter & Promoter Group), as at 2026-06-30"
BAJFINANCE,Bajaj Finance Limited,SHEETAL BAJAJ,Promoter,0,,,,,filing (token),high,IN,,,,"SEBI LODR Reg 31 shareholding pattern (Table II - Promoter & Promoter Group), as at 2026-06-30"
BAJFINANCE,Bajaj Finance Limited,DEEPA BAJAJ,Promoter,0,,,,,filing (token),high,IN,,,,"SEBI LODR Reg 31 shareholding pattern (Table II - Promoter & Promoter Group), as at 2026-06-30"
BAJFINANCE,Bajaj Finance Limited,NEELIMA BAJAJ SWAMY,Promoter,0,,,,,filing (token),high,IN,,,,"SEBI LODR Reg 31 shareholding pattern (Table II - Promoter & Promoter Group), as at 2026-06-30"
BAJFINANCE,Bajaj Finance Limited,NIMISHA JAIPURIA,Promoter,0,,,,,filing (token),high,IN,,,,"SEBI LODR Reg 31 shareholding pattern (Table II - Promoter & Promoter Group), as at 2026-06-30"
BAJFINANCE,Bajaj Finance Limited,RAJIVNAYAN BAJAJ HUF,Promoter,0,,,,,filing (token),high,IN,,,,"SEBI LODR Reg 31 shareholding pattern (Table II - Promoter & Promoter Group), as at 2026-06-30"
BAJFINANCE,Bajaj Finance Limited,SANJIVNAYAN BAJAJ HUF,Promoter,0,,,,,filing (token),high,IN,,,,"SEBI LODR Reg 31 shareholding pattern (Table II - Promoter & Promoter Group), as at 2026-06-30"
BAJFINANCE,Bajaj Finance Limited,BACHHRAJ &amp; COMPANY PVT. LTD,Promoter,0,,,,,filing (token),high,IN,,,,"SEBI LODR Reg 31 shareholding pattern (Table II - Promoter & Promoter Group), as at 2026-06-30"
BAJFINANCE,Bajaj Finance Limited,KAMALNAYAN INVESTMENT &amp; TRADING PVT. LTD,Promoter,0,,,,,filing (token),high,IN,,,,"SEBI LODR Reg 31 shareholding pattern (Table II - Promoter & Promoter Group), as at 2026-06-30"
BAJFINANCE,Bajaj Finance Limited,RAHUL SECURITIES PVT. LTD,Promoter,0,,,,,filing (token),high,IN,,,,"SEBI LODR Reg 31 shareholding pattern (Table II - Promoter & Promoter Group), as at 2026-06-30"
BAJFINANCE,Bajaj Finance Limited,NIRAJ HOLDINGS PVT. LTD,Promoter,0,,,,,filing (token),high,IN,,,,"SEBI LODR Reg 31 shareholding pattern (Table II - Promoter & Promoter Group), as at 2026-06-30"
BAJFINANCE,Bajaj Finance Limited,MADHUR SECURITIES PVT. LTD,Promoter,0,,,,,filing (token),high,IN,,,,"SEBI LODR Reg 31 shareholding pattern (Table II - Promoter & Promoter Group), as at 2026-06-30"
BAJFINANCE,Bajaj Finance Limited,SANRAJ NAYAN INVESTMENTS PVT. LTD,Promoter,0,,,,,filing (token),high,IN,,,,"SEBI LODR Reg 31 shareholding pattern (Table II - Promoter & Promoter Group), as at 2026-06-30"
BAJFINANCE,Bajaj Finance Limited,RUPA EQUITIES PVT. LTD,Promoter,0,,,,,filing (token),high,IN,,,,"SEBI LODR Reg 31 shareholding pattern (Table II - Promoter & Promoter Group), as at 2026-06-30"
BAJFINANCE,Bajaj Finance Limited,Hercules Investments Limited,Promoter,0,,,,,filing (token),high,IN,,,,"SEBI LODR Reg 31 shareholding pattern (Table II - Promoter & Promoter Group), as at 2026-06-30"
BAJFINANCE,Bajaj Finance Limited,INDEF MANUFACTURING LTD,Promoter,0,,,,,filing (token),high,IN,,,,"SEBI LODR Reg 31 shareholding pattern (Table II - Promoter & Promoter Group), as at 2026-06-30"
BAJFINANCE,Bajaj Finance Limited,SHEKHAR HOLDINGS PVT. LTD,Promoter,0,,,,,filing (token),high,IN,,,,"SEBI LODR Reg 31 shareholding pattern (Table II - Promoter & Promoter Group), as at 2026-06-30"
BAJFINANCE,Bajaj Finance Limited,THE HINDUSTAN HOUSING COMPANY LTD,Promoter,0,,,,,filing (token),high,IN,,,,"SEBI LODR Reg 31 shareholding pattern (Table II - Promoter & Promoter Group), as at 2026-06-30"
BAJFINANCE,Bajaj Finance Limited,BAJAJ AUTO LTD,Promoter,0,,,,,filing (token),high,IN,,,,"SEBI LODR Reg 31 shareholding pattern (Table II - Promoter & Promoter Group), as at 2026-06-30"
BAJFINANCE,Bajaj Finance Limited,BAJAJ HOLDINGS &amp; INVESTMENT LTD,Promoter,0,,,,,filing (token),high,IN,,,,"SEBI LODR Reg 31 shareholding pattern (Table II - Promoter & Promoter Group), as at 2026-06-30"
BAJFINANCE,Bajaj Finance Limited,BAJAJ INTERNATIONAL PVT. LTD,Promoter,0,,,,,filing (token),high,IN,,,,"SEBI LODR Reg 31 shareholding pattern (Table II - Promoter & Promoter Group), as at 2026-06-30"
BAJFINANCE,Bajaj Finance Limited,ROSE REALTORS PVT. LTD,Promoter,0,,,,,filing (token),high,IN,,,,"SEBI LODR Reg 31 shareholding pattern (Table II - Promoter & Promoter Group), as at 2026-06-30"
BAJFINANCE,Bajaj Finance Limited,EMERALD ACRES PVT. LTD,Promoter,0,,,,,filing (token),high,IN,,,,"SEBI LODR Reg 31 shareholding pattern (Table II - Promoter & Promoter Group), as at 2026-06-30"
BAJFINANCE,Bajaj Finance Limited,SANKALP RESORTS PVT. LTD,Promoter,0,,,,,filing (token),high,IN,,,,"SEBI LODR Reg 31 shareholding pattern (Table II - Promoter & Promoter Group), as at 2026-06-30"
BAJFINANCE,Bajaj Finance Limited,BAJAJ INTEGRATED HEALTH SYSTEM PVT. LTD,Promoter,0,,,,,filing (token),high,IN,,,,"SEBI LODR Reg 31 shareholding pattern (Table II - Promoter & Promoter Group), as at 2026-06-30"
BAJFINANCE,Bajaj Finance Limited,HIND MUSAFIR AGENCY LTD,Promoter,0,,,,,filing (token),high,IN,,,,"SEBI LODR Reg 31 shareholding pattern (Table II - Promoter & Promoter Group), as at 2026-06-30"
BAJFINANCE,Bajaj Finance Limited,BAJAJ TRADING COMPANY,Promoter,0,,,,,filing (token),high,IN,,,,"SEBI LODR Reg 31 shareholding pattern (Table II - Promoter & Promoter Group), as at 2026-06-30"
BAJFINANCE,Bajaj Finance Limited,ARYAN NAYAN REALTY LLP,Promoter,0,,,,,filing (token),high,IN,,,,"SEBI LODR Reg 31 shareholding pattern (Table II - Promoter & Promoter Group), as at 2026-06-30"
BAJFINANCE,Bajaj Finance Limited,RDR VENTURES LLP,Promoter,0,,,,,filing (token),high,IN,,,,"SEBI LODR Reg 31 shareholding pattern (Table II - Promoter & Promoter Group), as at 2026-06-30"
BAJFINANCE,Bajaj Finance Limited,NIMISHA TRUST,Promoter,0,,,,,filing (token),high,IN,,,,"SEBI LODR Reg 31 shareholding pattern (Table II - Promoter & Promoter Group), as at 2026-06-30"
BAJFINANCE,Bajaj Finance Limited,ARYAMAN TRUST,Promoter,0,,,,,filing (token),high,IN,,,,"SEBI LODR Reg 31 shareholding pattern (Table II - Promoter & Promoter Group), as at 2026-06-30"
BAJFINANCE,Bajaj Finance Limited,NIRVAAN TRUST,Promoter,0,,,,,filing (token),high,IN,,,,"SEBI LODR Reg 31 shareholding pattern (Table II - Promoter & Promoter Group), as at 2026-06-30"
BAJFINANCE,Bajaj Finance Limited,RISHAB TRUST,Promoter,0,,,,,filing (token),high,IN,,,,"SEBI LODR Reg 31 shareholding pattern (Table II - Promoter & Promoter Group), as at 2026-06-30"
BAJFINANCE,Bajaj Finance Limited,DEEPA TRUST,Promoter,0,,,,,filing (token),high,IN,,,,"SEBI LODR Reg 31 shareholding pattern (Table II - Promoter & Promoter Group), as at 2026-06-30"
BAJFINANCE,Bajaj Finance Limited,SIDDHANT TRUST,Promoter,0,,,,,filing (token),high,IN,,,,"SEBI LODR Reg 31 shareholding pattern (Table II - Promoter & Promoter Group), as at 2026-06-30"
BAJFINANCE,Bajaj Finance Limited,SANJALI TRUST,Promoter,0,,,,,filing (token),high,IN,,,,"SEBI LODR Reg 31 shareholding pattern (Table II - Promoter & Promoter Group), as at 2026-06-30"
BAJFINANCE,Bajaj Finance Limited,NIRAVNAYAN TRUST,Promoter,0,,,,,filing (token),high,IN,,,,"SEBI LODR Reg 31 shareholding pattern (Table II - Promoter & Promoter Group), as at 2026-06-30"
BAJFINANCE,Bajaj Finance Limited,RAJIV TRUST,Promoter,0,,,,,filing (token),high,IN,,,,"SEBI LODR Reg 31 shareholding pattern (Table II - Promoter & Promoter Group), as at 2026-06-30"
BAJFINANCE,Bajaj Finance Limited,SANJIV TRUST,Promoter,0,,,,,filing (token),high,IN,,,,"SEBI LODR Reg 31 shareholding pattern (Table II - Promoter & Promoter Group), as at 2026-06-30"
BAJFINANCE,Bajaj Finance Limited,ANANT BAJAJ TRUST,Promoter,0,,,,,filing (token),high,IN,,,,"SEBI LODR Reg 31 shareholding pattern (Table II - Promoter & Promoter Group), as at 2026-06-30"
BAJFINANCE,Bajaj Finance Limited,NIRAV TRUST,Promoter,0,,,,,filing (token),high,IN,,,,"SEBI LODR Reg 31 shareholding pattern (Table II - Promoter & Promoter Group), as at 2026-06-30"
BAJFINANCE,Bajaj Finance Limited,SANJALI FAMILY TRUST,Promoter,0,,,,,filing (token),high,IN,,,,"SEBI LODR Reg 31 shareholding pattern (Table II - Promoter & Promoter Group), as at 2026-06-30"
BAJFINANCE,Bajaj Finance Limited,SIDDHANT FAMILY TRUST,Promoter,0,,,,,filing (token),high,IN,,,,"SEBI LODR Reg 31 shareholding pattern (Table II - Promoter & Promoter Group), as at 2026-06-30"
BAJFINANCE,Bajaj Finance Limited,RISHAB FAMILY TRUST,Promoter,0,,,,,filing (token),high,IN,,,,"SEBI LODR Reg 31 shareholding pattern (Table II - Promoter & Promoter Group), as at 2026-06-30"
BAJFINANCE,Bajaj Finance Limited,ARYAMAN FAMILY TRUST,Promoter,0,,,,,filing (token),high,IN,,,,"SEBI LODR Reg 31 shareholding pattern (Table II - Promoter & Promoter Group), as at 2026-06-30"
BAJFINANCE,Bajaj Finance Limited,NIRVAAN FAMILY TRUST,Promoter,0,,,,,filing (token),high,IN,,,,"SEBI LODR Reg 31 shareholding pattern (Table II - Promoter & Promoter Group), as at 2026-06-30"
BAJFINANCE,Bajaj Finance Limited,NEELIMA BAJAJ SWAMY FAMILY TRUST,Promoter,0,,,,,filing (token),high,IN,,,,"SEBI LODR Reg 31 shareholding pattern (Table II - Promoter & Promoter Group), as at 2026-06-30"
BAJFINANCE,Bajaj Finance Limited,NIMISHA JAIPURIA FAMILY TRUST,Promoter,0,,,,,filing (token),high,IN,,,,"SEBI LODR Reg 31 shareholding pattern (Table II - Promoter & Promoter Group), as at 2026-06-30"
BAJFINANCE,Bajaj Finance Limited,NIRAVNAYAN BAJAJ FAMILY TRUST,Promoter,0,,,,,filing (token),high,IN,,,,"SEBI LODR Reg 31 shareholding pattern (Table II - Promoter & Promoter Group), as at 2026-06-30"
BAJFINANCE,Bajaj Finance Limited,KRITI BAJAJ FAMILY TRUST,Promoter,0,,,,,filing (token),high,IN,,,,"SEBI LODR Reg 31 shareholding pattern (Table II - Promoter & Promoter Group), as at 2026-06-30"
BAJFINANCE,Bajaj Finance Limited,GEETIKA SHEKHAR BAJAJ TRUST,Promoter,0,,,,,filing (token),high,IN,,,,"SEBI LODR Reg 31 shareholding pattern (Table II - Promoter & Promoter Group), as at 2026-06-30"
BAJFINANCE,Bajaj Finance Limited,VANRAJ BAJAJ TRUST,Promoter,0,,,,,filing (token),high,IN,,,,"SEBI LODR Reg 31 shareholding pattern (Table II - Promoter & Promoter Group), as at 2026-06-30"
BAJFINANCE,Bajaj Finance Limited,Estate of RahulKumar Bajaj,Promoter,0,,,,,filing (token),high,IN,,,,"SEBI LODR Reg 31 shareholding pattern (Table II - Promoter & Promoter Group), as at 2026-06-30"
BAJFINANCE,Bajaj Finance Limited,Vidal Health Insurance TPA Private Limited,Promoter,0,,,,,filing (token),high,IN,,,,"SEBI LODR Reg 31 shareholding pattern (Table II - Promoter & Promoter Group), as at 2026-06-30"
BAJFINANCE,Bajaj Finance Limited,VH Medcare Private Limited,Promoter,0,,,,,filing (token),high,IN,,,,"SEBI LODR Reg 31 shareholding pattern (Table II - Promoter & Promoter Group), as at 2026-06-30"
BAJFINANCE,Bajaj Finance Limited,Bajaj Financial Distributors Limited,Promoter,0,,,,,filing (token),high,IN,,,,"SEBI LODR Reg 31 shareholding pattern (Table II - Promoter & Promoter Group), as at 2026-06-30"
BAJFINANCE,Bajaj Finance Limited,Vidal Healthcare Services Private Limited,Promoter,0,,,,,filing (token),high,IN,,,,"SEBI LODR Reg 31 shareholding pattern (Table II - Promoter & Promoter Group), as at 2026-06-30"
BAJFINANCE,Bajaj Finance Limited,Bajaj Finserv Direct Limited,Promoter,0,,,,,filing (token),high,IN,,,,"SEBI LODR Reg 31 shareholding pattern (Table II - Promoter & Promoter Group), as at 2026-06-30"
BAJFINANCE,Bajaj Finance Limited,Bajaj Finserv Health Limited,Promoter,0,,,,,filing (token),high,IN,,,,"SEBI LODR Reg 31 shareholding pattern (Table II - Promoter & Promoter Group), as at 2026-06-30"
BAJFINANCE,Bajaj Finance Limited,Bajaj Finserv Ventures Limited,Promoter,0,,,,,filing (token),high,IN,,,,"SEBI LODR Reg 31 shareholding pattern (Table II - Promoter & Promoter Group), as at 2026-06-30"
BAJFINANCE,Bajaj Finance Limited,Bajaj Finserv Mutual Fund Trustee Limited,Promoter,0,,,,,filing (token),high,IN,,,,"SEBI LODR Reg 31 shareholding pattern (Table II - Promoter & Promoter Group), as at 2026-06-30"
BAJFINANCE,Bajaj Finance Limited,Bajaj Asset Management Limited,Promoter,0,,,,,filing (token),high,IN,,,,"SEBI LODR Reg 31 shareholding pattern (Table II - Promoter & Promoter Group), as at 2026-06-30"
BAJFINANCE,Bajaj Finance Limited,Bajaj AIF Trustee Limited,Promoter,0,,,,,filing (token),high,IN,,,,"SEBI LODR Reg 31 shareholding pattern (Table II - Promoter & Promoter Group), as at 2026-06-30"
BAJFINANCE,Bajaj Finance Limited,Bajaj Alternate Investment Management Limited,Promoter,0,,,,,filing (token),high,IN,,,,"SEBI LODR Reg 31 shareholding pattern (Table II - Promoter & Promoter Group), as at 2026-06-30"
BAJFINANCE,Bajaj Finance Limited,Bajaj Staffing Solutions Limited,Promoter,0,,,,,filing (token),high,IN,,,,"SEBI LODR Reg 31 shareholding pattern (Table II - Promoter & Promoter Group), as at 2026-06-30"
BAJFINANCE,Bajaj Finance Limited,VH International LLC,Promoter,0,,,,,filing (token),high,IN,,,,"SEBI LODR Reg 31 shareholding pattern (Table II - Promoter & Promoter Group), as at 2026-06-30"
BAJFINANCE,Bajaj Finance Limited,Bajaj Technology Services Inc,Promoter,0,,,,,filing (token),high,IN,,,,"SEBI LODR Reg 31 shareholding pattern (Table II - Promoter & Promoter Group), as at 2026-06-30"
BAJFINANCE,Bajaj Finance Limited,Bajaj Housing Finance Limited,Promoter,0,,,,,filing (token),high,IN,,,,"SEBI LODR Reg 31 shareholding pattern (Table II - Promoter & Promoter Group), as at 2026-06-30"
BAJFINANCE,Bajaj Finance Limited,Bajaj Financial Securities Limited,Promoter,0,,,,,filing (token),high,IN,,,,"SEBI LODR Reg 31 shareholding pattern (Table II - Promoter & Promoter Group), as at 2026-06-30"
BAJFINANCE,Bajaj Finance Limited,SRB &amp; Family LLP,Promoter,0,,,,,filing (token),high,IN,,,,"SEBI LODR Reg 31 shareholding pattern (Table II - Promoter & Promoter Group), as at 2026-06-30"
BAJFINANCE,Bajaj Finance Limited,DRR &amp; Family LLP,Promoter,0,,,,,filing (token),high,IN,,,,"SEBI LODR Reg 31 shareholding pattern (Table II - Promoter & Promoter Group), as at 2026-06-30"
BAJFINANCE,Bajaj Finance Limited,NRB &amp; Family LLP,Promoter,0,,,,,filing (token),high,IN,,,,"SEBI LODR Reg 31 shareholding pattern (Table II - Promoter & Promoter Group), as at 2026-06-30"
BAJFINANCE,Bajaj Finance Limited,SRJB Family LLP,Promoter,0,,,,,filing (token),high,IN,,,,"SEBI LODR Reg 31 shareholding pattern (Table II - Promoter & Promoter Group), as at 2026-06-30"
BAJFINANCE,Bajaj Finance Limited,SNRS Family LLP,Promoter,0,,,,,filing (token),high,IN,,,,"SEBI LODR Reg 31 shareholding pattern (Table II - Promoter & Promoter Group), as at 2026-06-30"
BAJFINANCE,Bajaj Finance Limited,Life Insurance Corporation of India,Domestic Insurance,186656472,,,,,rule:insurance+india,high,IN,insurer,insurance_float,,matched by deterministic name rule
BAJFINANCE,Bajaj Finance Limited,SBI Mutual Fund,Domestic AMC,160529667,,,,,rule:amc+india,high,IN,asset_manager,managed_funds,,matched by deterministic name rule
BAJFINANCE,Bajaj Finance Limited,NPS Trust,Domestic Pension Fund,101157444,,,,,web,high,IN,pension_fund,pension_assets,,https://www.pfrda.org.in/web/pfrda/intermediaries/registered-intermediaries/nps-trust
BAJFINANCE,Bajaj Finance Limited,GOVERNMENT OF SINGAPORE,Foreign Government,84389412,,,,,web,high,SG,sovereign_wealth_fund,sovereign_assets,,https://ifswf.org/member-profiles/government-singapore-investment-corporation
BAJFINANCE,Bajaj Finance Limited,UTI Mutual Fund,Domestic AMC,68420514,,,,,rule:amc+india,high,IN,asset_manager,managed_funds,,matched by deterministic name rule
BAJFINANCE,Bajaj Finance Limited,Nippon India Mutual Fund,Domestic AMC,66621983,,,,,rule:amc+india,high,IN,asset_manager,managed_funds,,matched by deterministic name rule
BAJFINANCE,Bajaj Finance Limited,ARYAMAN KEJRIWAL,Promoter,20000,,,,,filing (numeric),high,IN,,,,"SEBI LODR Reg 31 shareholding pattern (Table II - Promoter & Promoter Group), as at 2026-06-30"
BAJAJFINSV,Bajaj Finserv Limited,Manish Kejriwal,Promoter,6739380,,,,,filing (token+numeric),high,IN,,,,"SEBI LODR Reg 31 shareholding pattern (Table II - Promoter & Promoter Group), as at 2026-06-30"
BAJAJFINSV,Bajaj Finserv Limited,Suman Jain,Promoter,5783290,,,,,filing (token+numeric),high,IN,,,,"SEBI LODR Reg 31 shareholding pattern (Table II - Promoter & Promoter Group), as at 2026-06-30"
BAJAJFINSV,Bajaj Finserv Limited,Kiran Bajaj,Promoter,3925600,,,,,filing (token+numeric),high,IN,,,,"SEBI LODR Reg 31 shareholding pattern (Table II - Promoter & Promoter Group), as at 2026-06-30"
BAJAJFINSV,Bajaj Finserv Limited,Sanjivnayan Bajaj,Promoter,3618050,,,,,filing (token+numeric),high,IN,,,,"SEBI LODR Reg 31 shareholding pattern (Table II - Promoter & Promoter Group), as at 2026-06-30"
BAJAJFINSV,Bajaj Finserv Limited,Niraj Bajaj,Promoter,2953150,,,,,filing (token+numeric),high,IN,,,,"SEBI LODR Reg 31 shareholding pattern (Table II - Promoter & Promoter Group), as at 2026-06-30"
BAJAJFINSV,Bajaj Finserv Limited,Geetika Bajaj,Promoter,2479000,,,,,filing (token+numeric),high,IN,,,,"SEBI LODR Reg 31 shareholding pattern (Table II - Promoter & Promoter Group), as at 2026-06-30"
BAJAJFINSV,Bajaj Finserv Limited,Niravnayan Bajaj,Promoter,2058660,,,,,filing (token+numeric),high,IN,,,,"SEBI LODR Reg 31 shareholding pattern (Table II - Promoter & Promoter Group), as at 2026-06-30"
BAJAJFINSV,Bajaj Finserv Limited,Shekhar Bajaj,Promoter,1630260,,,,,filing (token+numeric),high,IN,,,,"SEBI LODR Reg 31 shareholding pattern (Table II - Promoter & Promoter Group), as at 2026-06-30"
BAJAJFINSV,Bajaj Finserv Limited,Kumud Bajaj,Promoter,1000000,,,,,filing (token+numeric),high,IN,,,,"SEBI LODR Reg 31 shareholding pattern (Table II - Promoter & Promoter Group), as at 2026-06-30"
BAJAJFINSV,Bajaj Finserv Limited,Sanjali Bajaj,Promoter,903690,,,,,filing (token+numeric),high,IN,,,,"SEBI LODR Reg 31 shareholding pattern (Table II - Promoter & Promoter Group), as at 2026-06-30"
BAJAJFINSV,Bajaj Finserv Limited,Siddhantnayan Bajaj,Promoter,903690,,,,,filing (token+numeric),high,IN,,,,"SEBI LODR Reg 31 shareholding pattern (Table II - Promoter & Promoter Group), as at 2026-06-30"
BAJAJFINSV,Bajaj Finserv Limited,Kriti Bajaj,Promoter,742000,,,,,filing (token+numeric),high,IN,,,,"SEBI LODR Reg 31 shareholding pattern (Table II - Promoter & Promoter Group), as at 2026-06-30"
BAJAJFINSV,Bajaj Finserv Limited,Pooja Bajaj,Promoter,744360,,,,,filing (token+numeric),high,IN,,,,"SEBI LODR Reg 31 shareholding pattern (Table II - Promoter & Promoter Group), as at 2026-06-30"
BAJAJFINSV,Bajaj Finserv Limited,Minal Bajaj,Promoter,642000,,,,,filing (token+numeric),high,IN,,,,"SEBI LODR Reg 31 shareholding pattern (Table II - Promoter & Promoter Group), as at 2026-06-30"
BAJAJFINSV,Bajaj Finserv Limited,Neelima Bajaj Swamy,Promoter,500000,,,,,filing (token+numeric),high,IN,,,,"SEBI LODR Reg 31 shareholding pattern (Table II - Promoter & Promoter Group), as at 2026-06-30"
BAJAJFINSV,Bajaj Finserv Limited,Nimisha Jaipuria,Promoter,514000,,,,,filing (token+numeric),high,IN,,,,"SEBI LODR Reg 31 shareholding pattern (Table II - Promoter & Promoter Group), as at 2026-06-30"
BAJAJFINSV,Bajaj Finserv Limited,Shefali Bajaj,Promoter,525990,,,,,filing (token+numeric),high,IN,,,,"SEBI LODR Reg 31 shareholding pattern (Table II - Promoter & Promoter Group), as at 2026-06-30"
BAJAJFINSV,Bajaj Finserv Limited,Vanraj Bajaj,Promoter,332360,,,,,filing (token+numeric),high,IN,,,,"SEBI LODR Reg 31 shareholding pattern (Table II - Promoter & Promoter Group), as at 2026-06-30"
BAJAJFINSV,Bajaj Finserv Limited,Nirvaan Kejriwal,Promoter,111330,,,,,filing (token+numeric),high,IN,,,,"SEBI LODR Reg 31 shareholding pattern (Table II - Promoter & Promoter Group), as at 2026-06-30"
BAJAJFINSV,Bajaj Finserv Limited,Rishabnayan Bajaj,Promoter,112320,,,,,filing (token+numeric),high,IN,,,,"SEBI LODR Reg 31 shareholding pattern (Table II - Promoter & Promoter Group), as at 2026-06-30"
BAJAJFINSV,Bajaj Finserv Limited,Sheetal Bajaj,Promoter,199000,,,,,filing (token+numeric),high,IN,,,,"SEBI LODR Reg 31 shareholding pattern (Table II - Promoter & Promoter Group), as at 2026-06-30"
BAJAJFINSV,Bajaj Finserv Limited,Rajivnayan Bajaj,Promoter,1000,,,,,filing (token+numeric),high,IN,,,,"SEBI LODR Reg 31 shareholding pattern (Table II - Promoter & Promoter Group), as at 2026-06-30"
BAJAJFINSV,Bajaj Finserv Limited,Deepa Bajaj,Promoter,1000,,,,,filing (token+numeric),high,IN,,,,"SEBI LODR Reg 31 shareholding pattern (Table II - Promoter & Promoter Group), as at 2026-06-30"
BAJAJFINSV,Bajaj Finserv Limited,Bajaj Holdings and Investment Limited,Promoter,614832190,,,,,filing (token+numeric),high,IN,,,,"SEBI LODR Reg 31 shareholding pattern (Table II - Promoter & Promoter Group), as at 2026-06-30"
BAJAJFINSV,Bajaj Finserv Limited,Jamnalal Sons Private Limited,Promoter,136700840,,,,,filing (token+numeric),high,IN,,,,"SEBI LODR Reg 31 shareholding pattern (Table II - Promoter & Promoter Group), as at 2026-06-30"
BAJAJFINSV,Bajaj Finserv Limited,Maharashtra Scooters Ltd,Promoter,37932400,,,,,filing (token+numeric),high,IN,,,,"SEBI LODR Reg 31 shareholding pattern (Table II - Promoter & Promoter Group), as at 2026-06-30"
BAJAJFINSV,Bajaj Finserv Limited,Bajaj Sevashram Private Limited,Promoter,26685025,,,,,filing (token+numeric),high,IN,,,,"SEBI LODR Reg 31 shareholding pattern (Table II - Promoter & Promoter Group), as at 2026-06-30"
BAJAJFINSV,Bajaj Finserv Limited,Bachhraj and Company Private Limited,Promoter,23314745,,,,,filing (token+numeric),high,IN,,,,"SEBI LODR Reg 31 shareholding pattern (Table II - Promoter & Promoter Group), as at 2026-06-30"
BAJAJFINSV,Bajaj Finserv Limited,Bachhraj Factories Private Limited,Promoter,10787870,,,,,filing (token+numeric),high,IN,,,,"SEBI LODR Reg 31 shareholding pattern (Table II - Promoter & Promoter Group), as at 2026-06-30"
BAJAJFINSV,Bajaj Finserv Limited,Baroda Industries Private Limited,Promoter,9190010,,,,,filing (token+numeric),high,IN,,,,"SEBI LODR Reg 31 shareholding pattern (Table II - Promoter & Promoter Group), as at 2026-06-30"
BAJAJFINSV,Bajaj Finserv Limited,Niravnayan Bajaj Family Trust (Niraj Bajaj),Promoter,5500000,,,,,filing (token+numeric),high,IN,,,,"SEBI LODR Reg 31 shareholding pattern (Table II - Promoter & Promoter Group), as at 2026-06-30"
BAJAJFINSV,Bajaj Finserv Limited,Geetika Shekhar Bajaj Trust (Shekhar Bajaj),Promoter,5245000,,,,,filing (token+numeric),high,IN,,,,"SEBI LODR Reg 31 shareholding pattern (Table II - Promoter & Promoter Group), as at 2026-06-30"
BAJAJFINSV,Bajaj Finserv Limited,Niravnayan Trust (Niraj Bajaj),Promoter,4355000,,,,,filing (token+numeric),high,IN,,,,"SEBI LODR Reg 31 shareholding pattern (Table II - Promoter & Promoter Group), as at 2026-06-30"
BAJAJFINSV,Bajaj Finserv Limited,Nimisha Bajaj Family Trust (Kumud Bajaj),Promoter,3553700,,,,,filing (token+numeric),high,IN,,,,"SEBI LODR Reg 31 shareholding pattern (Table II - Promoter & Promoter Group), as at 2026-06-30"
BAJAJFINSV,Bajaj Finserv Limited,Neelima Bajaj Family Trust (Kumud Bajaj),Promoter,3379240,,,,,filing (token+numeric),high,IN,,,,"SEBI LODR Reg 31 shareholding pattern (Table II - Promoter & Promoter Group), as at 2026-06-30"
BAJAJFINSV,Bajaj Finserv Limited,Nimisha Jaipuria Family Trust (Nimisha Jaipuria),Promoter,2382730,,,,,filing (token+numeric),high,IN,,,,"SEBI LODR Reg 31 shareholding pattern (Table II - Promoter & Promoter Group), as at 2026-06-30"
BAJAJFINSV,Bajaj Finserv Limited,Neelima Bajaj Swamy Family Trust (Neelima Bajaj Swamy),Promoter,2320190,,,,,filing (token+numeric),high,IN,,,,"SEBI LODR Reg 31 shareholding pattern (Table II - Promoter & Promoter Group), as at 2026-06-30"
BAJAJFINSV,Bajaj Finserv Limited,Rahul Securities Pvt Ltd,Promoter,2074000,,,,,filing (token+numeric),high,IN,,,,"SEBI LODR Reg 31 shareholding pattern (Table II - Promoter & Promoter Group), as at 2026-06-30"
BAJAJFINSV,Bajaj Finserv Limited,Rupa Equities Pvt Ltd,Promoter,2011000,,,,,filing (token+numeric),high,IN,,,,"SEBI LODR Reg 31 shareholding pattern (Table II - Promoter & Promoter Group), as at 2026-06-30"
BAJAJFINSV,Bajaj Finserv Limited,Madhur Neelima Family Trust (Kumud Bajaj ),Promoter,1362610,,,,,filing (token+numeric),high,IN,,,,"SEBI LODR Reg 31 shareholding pattern (Table II - Promoter & Promoter Group), as at 2026-06-30"
BAJAJFINSV,Bajaj Finserv Limited,Madhur Nimisha Family Trust (Kumud Bajaj ),Promoter,1362620,,,,,filing (token+numeric),high,IN,,,,"SEBI LODR Reg 31 shareholding pattern (Table II - Promoter & Promoter Group), as at 2026-06-30"
BAJAJFINSV,Bajaj Finserv Limited,Hercules Investments Limited (erstwhile Hercules Hoists Limited),Promoter,1105630,,,,,filing (token+numeric),high,IN,,,,"SEBI LODR Reg 31 shareholding pattern (Table II - Promoter & Promoter Group), as at 2026-06-30"
BAJAJFINSV,Bajaj Finserv Limited,Aryaman Family Trust (Manish Kejriwal),Promoter,944000,,,,,filing (token+numeric),high,IN,,,,"SEBI LODR Reg 31 shareholding pattern (Table II - Promoter & Promoter Group), as at 2026-06-30"
BAJAJFINSV,Bajaj Finserv Limited,Nirvaan Family Trust (Manish Kejriwal),Promoter,944000,,,,,filing (token+numeric),high,IN,,,,"SEBI LODR Reg 31 shareholding pattern (Table II - Promoter & Promoter Group), as at 2026-06-30"
BAJAJFINSV,Bajaj Finserv Limited,Madhur Securities Pvt Ltd,Promoter,941000,,,,,filing (token+numeric),high,IN,,,,"SEBI LODR Reg 31 shareholding pattern (Table II - Promoter & Promoter Group), as at 2026-06-30"
BAJAJFINSV,Bajaj Finserv Limited,Kamalnayan Investment & Trading Private Limited,Promoter,900000,,,,,filing (token+numeric),high,IN,,,,"SEBI LODR Reg 31 shareholding pattern (Table II - Promoter & Promoter Group), as at 2026-06-30"
BAJAJFINSV,Bajaj Finserv Limited,Kriti Bajaj Family Trust (Minal Bajaj),Promoter,1000000,,,,,filing (token+numeric),high,IN,,,,"SEBI LODR Reg 31 shareholding pattern (Table II - Promoter & Promoter Group), as at 2026-06-30"
BAJAJFINSV,Bajaj Finserv Limited,Kumud Neelima Family Trust (Nimisha Jaipuria ),Promoter,862610,,,,,filing (token+numeric),high,IN,,,,"SEBI LODR Reg 31 shareholding pattern (Table II - Promoter & Promoter Group), as at 2026-06-30"
BAJAJFINSV,Bajaj Finserv Limited,Kumud Nimisha Family Trust (Neelima Bajaj Swamy),Promoter,862610,,,,,filing (token+numeric),high,IN,,,,"SEBI LODR Reg 31 shareholding pattern (Table II - Promoter & Promoter Group), as at 2026-06-30"
BAJAJFINSV,Bajaj Finserv Limited,Shekhar Holdings Pvt Ltd,Promoter,834000,,,,,filing (token+numeric),high,IN,,,,"SEBI LODR Reg 31 shareholding pattern (Table II - Promoter & Promoter Group), as at 2026-06-30"
BAJAJFINSV,Bajaj Finserv Limited,Anant Bajaj Trust (Shekhar Bajaj),Promoter,405000,,,,,filing (token+numeric),high,IN,,,,"SEBI LODR Reg 31 shareholding pattern (Table II - Promoter & Promoter Group), as at 2026-06-30"
BAJAJFINSV,Bajaj Finserv Limited,Sanjali Family Trust (Sanjivnayan Bajaj),Promoter,444000,,,,,filing (token+numeric),high,IN,,,,"SEBI LODR Reg 31 shareholding pattern (Table II - Promoter & Promoter Group), as at 2026-06-30"
BAJAJFINSV,Bajaj Finserv Limited,Siddhant Family Trust (Sanjivnayan Bajaj),Promoter,433000,,,,,filing (token+numeric),high,IN,,,,"SEBI LODR Reg 31 shareholding pattern (Table II - Promoter & Promoter Group), as at 2026-06-30"
BAJAJFINSV,Bajaj Finserv Limited,Niraj Holdings Pvt Ltd,Promoter,244000,,,,,filing (token+numeric),high,IN,,,,"SEBI LODR Reg 31 shareholding pattern (Table II - Promoter & Promoter Group), as at 2026-06-30"
BAJAJFINSV,Bajaj Finserv Limited,Rishab Family Trust (Rajivnayan Bajaj),Promoter,1000,,,,,filing (token+numeric),high,IN,,,,"SEBI LODR Reg 31 shareholding pattern (Table II - Promoter & Promoter Group), as at 2026-06-30"
BAJAJFINSV,Bajaj Finserv Limited,Rishab Trust (Rajivnayan Bajaj),Promoter,11000,,,,,filing (token+numeric),high,IN,,,,"SEBI LODR Reg 31 shareholding pattern (Table II - Promoter & Promoter Group), as at 2026-06-30"
BAJAJFINSV,Bajaj Finserv Limited,Sanjali Trust (Sanjivnayan Bajaj),Promoter,11000,,,,,filing (token+numeric),high,IN,,,,"SEBI LODR Reg 31 shareholding pattern (Table II - Promoter & Promoter Group), as at 2026-06-30"
BAJAJFINSV,Bajaj Finserv Limited,Siddhant Trust (Sanjivnayan Bajaj),Promoter,22000,,,,,filing (token+numeric),high,IN,,,,"SEBI LODR Reg 31 shareholding pattern (Table II - Promoter & Promoter Group), as at 2026-06-30"
BAJAJFINSV,Bajaj Finserv Limited,Nirvaan Trust (Sunaina Kejriwal),Promoter,1000,,,,,filing (token+numeric),high,IN,,,,"SEBI LODR Reg 31 shareholding pattern (Table II - Promoter & Promoter Group), as at 2026-06-30"
BAJAJFINSV,Bajaj Finserv Limited,Aryaman Trust (Manish Kejriwal),Promoter,1220,,,,,filing (token+numeric),high,IN,,,,"SEBI LODR Reg 31 shareholding pattern (Table II - Promoter & Promoter Group), as at 2026-06-30"
BAJAJFINSV,Bajaj Finserv Limited,Deepa Trust (Niraj Bajaj),Promoter,11000,,,,,filing (token+numeric),high,IN,,,,"SEBI LODR Reg 31 shareholding pattern (Table II - Promoter & Promoter Group), as at 2026-06-30"
BAJAJFINSV,Bajaj Finserv Limited,Hindustan Housing Company Ltd,Promoter,80000,,,,,filing (token+numeric),high,IN,,,,"SEBI LODR Reg 31 shareholding pattern (Table II - Promoter & Promoter Group), as at 2026-06-30"
BAJAJFINSV,Bajaj Finserv Limited,Nirav Trust (Niraj Bajaj),Promoter,71000,,,,,filing (token+numeric),high,IN,,,,"SEBI LODR Reg 31 shareholding pattern (Table II - Promoter & Promoter Group), as at 2026-06-30"
BAJAJFINSV,Bajaj Finserv Limited,Aryaman Kejriwal,Promoter,111330,,,,,filing (token+numeric),high,IN,,,,"SEBI LODR Reg 31 shareholding pattern (Table II - Promoter & Promoter Group), as at 2026-06-30"
BAJAJFINSV,Bajaj Finserv Limited,ICICI Prudential Nifty50 Equal Weight Index Fund,Domestic AMC,41820615,,,,,rule:indian-fund-scheme,high,IN,asset_manager,managed_funds,,matched by deterministic name rule
BAJAJFINSV,Bajaj Finserv Limited,SBI Arbitrage Opportunities Fund,Domestic AMC,34417888,,,,,rule:indian-fund-scheme,high,IN,asset_manager,managed_funds,,matched by deterministic name rule
BAJAJFINSV,Bajaj Finserv Limited,LICI ASM Non Par,Domestic Insurance,33143234,,,,,rule:indian-insurer-scheme,high,IN,insurer,insurance_float,,matched by deterministic name rule
BEL,Bharat Electronics Limited,President of India,Promoter,3737921934,,,,,filing (token+numeric),high,IN,,,,"SEBI LODR Reg 31 shareholding pattern (Table II - Promoter & Promoter Group), as at 2026-06-30"
BEL,Bharat Electronics Limited,Kotak flexicap fund - various schemes,Domestic AMC,165115111,,,,,rule:indian-fund-scheme,high,IN,asset_manager,managed_funds,,matched by deterministic name rule
BEL,Bharat Electronics Limited,SBI Nifty 50 ETF - various schemes,Domestic AMC,155389527,,,,,rule:indian-fund-scheme,high,IN,asset_manager,managed_funds,,matched by deterministic name rule
BEL,Bharat Electronics Limited,CPSE exchange traded scheme - various schemes,Domestic AMC,148831792,,,,,rule:indian-fund-scheme,high,IN,asset_manager,managed_funds,,matched by deterministic name rule
BEL,Bharat Electronics Limited,HDFC mutual fund - varuous schemes,Domestic AMC,95557340,,,,,rule:amc+india,high,IN,asset_manager,managed_funds,,matched by deterministic name rule
BEL,Bharat Electronics Limited,Motilal oswal - various schemes,Domestic AMC,78382104,,,,,rule:indian-fund-scheme,high,IN,asset_manager,managed_funds,,matched by deterministic name rule
BEL,Bharat Electronics Limited,ICICI prudential nifty etf - various schemes,Domestic AMC,75916177,,,,,rule:indian-fund-scheme,high,IN,asset_manager,managed_funds,,matched by deterministic name rule
BEL,Bharat Electronics Limited,Government of Singapore,Foreign Government,80899294,,,,,web,high,SG,sovereign_wealth_fund,sovereign_assets,,https://ifswf.org/member-profiles/government-singapore-investment-corporation
BEL,Bharat Electronics Limited,Life insurance corporation of india (various schemes),Domestic Insurance,82734308,,,,,rule:insurance+india,high,IN,insurer,insurance_float,,matched by deterministic name rule
BEL,Bharat Electronics Limited,NPS trust- a/c hdfc pension fund management limited scheme e - tier i (various schemes),Domestic AMC,167073789,,,,,rule:amc+india,high,IN,asset_manager,managed_funds,,matched by deterministic name rule
BHARTIARTL,Bharti Airtel Limited,Bharti telecom limited,Promoter,2466133527,,,,,filing (token+numeric),high,IN,,,,"SEBI LODR Reg 31 shareholding pattern (Table II - Promoter & Promoter Group), as at 2026-06-30"
BHARTIARTL,Bharti Airtel Limited,Pastel limited,Promoter,456228212,,,,,filing (token+numeric),high,IN,,,,"SEBI LODR Reg 31 shareholding pattern (Table II - Promoter & Promoter Group), as at 2026-06-30"
BHARTIARTL,Bharti Airtel Limited,Indian continent investment limited,Promoter,55967792,,,,,filing (token+numeric),high,IN,,,,"SEBI LODR Reg 31 shareholding pattern (Table II - Promoter & Promoter Group), as at 2026-06-30"
BHARTIARTL,Bharti Airtel Limited,SBI ELSS Tax Saver Fund,Domestic AMC,157976816,,,,,rule:indian-fund-scheme,high,IN,asset_manager,managed_funds,,matched by deterministic name rule
BHARTIARTL,Bharti Airtel Limited,ICICI Prudential Mutual Fund - ICICI Prudential NI,Domestic AMC,104981853,,,,,rule:amc+india,high,IN,asset_manager,managed_funds,,matched by deterministic name rule
BHARTIARTL,Bharti Airtel Limited,HDFC Mutual Fund - HDFC Technology Fund,Domestic AMC,84667934,,,,,rule:amc+india,high,IN,asset_manager,managed_funds,,matched by deterministic name rule
BHARTIARTL,Bharti Airtel Limited,UTI Multi Cap Fund,Domestic AMC,66082158,,,,,rule:indian-fund-scheme,high,IN,asset_manager,managed_funds,,matched by deterministic name rule
BHARTIARTL,Bharti Airtel Limited,Google International LLC,Foreign corporate,71176839,,,,,web,high,US,operating_company,operating_company_treasury,,https://sec.gov/Archives/edgar/data/1288776/000119312507044494/dex2101.htm
BHARTIARTL,Bharti Airtel Limited,Government of Singapore - E,Foreign Government,64377450,,,,,web,medium,SG,sovereign_wealth_fund,sovereign_assets,REVIEW,https://ifswf.org/member-profiles/government-singapore-investment-corporation
BHARTIARTL,Bharti Airtel Limited,Government Pension Fund Global,Foreign Government,61036886,,,,,web,high,NO,sovereign_wealth_fund,sovereign_assets,,https://en.wikipedia.org/wiki/Government_Pension_Fund_of_Norway
BHARTIARTL,Bharti Airtel Limited,LICi New Pension Plus Secured Fund,Domestic Insurance,258208931,,,,,rule:indian-insurer-scheme,high,IN,insurer,insurance_float,,matched by deterministic name rule
BHARTIARTL,Bharti Airtel Limited,NPS Trust A/C - SBI PF NPS Jeevan Swarna Retirement,Domestic AMC,115630605,,,,,rule:amc+india,high,IN,asset_manager,managed_funds,,matched by deterministic name rule
CIPLA,Cipla Limited,Yusuf Khwaja Hamied,Promoter,150521183,,,,,filing (token+numeric),high,IN,,,,"SEBI LODR Reg 31 shareholding pattern (Table II - Promoter & Promoter Group), as at 2026-06-30"
CIPLA,Cipla Limited,Sophie Ahmed,Promoter,45982000,,,,,filing (token+numeric),high,IN,,,,"SEBI LODR Reg 31 shareholding pattern (Table II - Promoter & Promoter Group), as at 2026-06-30"
CIPLA,Cipla Limited,M K Hamied,Promoter,27844320,,,,,filing (token+numeric),high,IN,,,,"SEBI LODR Reg 31 shareholding pattern (Table II - Promoter & Promoter Group), as at 2026-06-30"
CIPLA,Cipla Limited,Kamil Hamied,Promoter,10939500,,,,,filing (token+numeric),high,IN,,,,"SEBI LODR Reg 31 shareholding pattern (Table II - Promoter & Promoter Group), as at 2026-06-30"
CIPLA,Cipla Limited,HDFC Trustee Company Limited-HDFC Flexi Cap Fund,Domestic AMC,36089803,,,,,rule:indian-fund-scheme,high,IN,asset_manager,managed_funds,,matched by deterministic name rule
CIPLA,Cipla Limited,SBI Nifty 50 Equal Weight Index Fund,Domestic AMC,26078195,,,,,rule:indian-fund-scheme,high,IN,asset_manager,managed_funds,,matched by deterministic name rule
CIPLA,Cipla Limited,ICICI Prudential Equity Savings Fund,Domestic AMC,18982812,,,,,rule:indian-fund-scheme,high,IN,asset_manager,managed_funds,,matched by deterministic name rule
CIPLA,Cipla Limited,Nippon Life India Trustee Ltd-A/C Nippon India Arb,Domestic Insurance,15766895,,,,,rule:insurance+india,high,IN,insurer,insurance_float,,matched by deterministic name rule
CIPLA,Cipla Limited,DSP Nifty 50 Index Fund,Domestic AMC,15292938,,,,,rule:indian-fund-scheme,high,IN,asset_manager,managed_funds,,matched by deterministic name rule
CIPLA,Cipla Limited,Parag Parikh Arbitrage Fund,Domestic AMC,15050570,,,,,rule:indian-fund-scheme,high,IN,asset_manager,managed_funds,,matched by deterministic name rule
CIPLA,Cipla Limited,Government Pension Fund Global,Foreign Government,10431209,,,,,web,high,NO,sovereign_wealth_fund,sovereign_assets,,https://en.wikipedia.org/wiki/Government_Pension_Fund_of_Norway
CIPLA,Cipla Limited,Vanguard Total International Stock Index Fund,Foreign AMC,8394985,,,,,web,high,US,asset_manager,managed_funds,,https://sec.gov/Archives/edgar/data/736054/000168386322001087/f11043d1.htm
CIPLA,Cipla Limited,LICI ULIP-Growth Fund,Domestic Insurance,78556781,,,,,rule:indian-insurer-scheme,high,IN,insurer,insurance_float,,matched by deterministic name rule
CIPLA,Cipla Limited,NPS Trust A/C - LIC Pension Fund - UPS - CG Scheme,Domestic AMC,13742847,,,,,rule:amc+india,high,IN,asset_manager,managed_funds,,matched by deterministic name rule
COALINDIA,Coal India Limited,President of India,Promoter,3767456372,,,,,filing (token+numeric),high,IN,,,,"SEBI LODR Reg 31 shareholding pattern (Table II - Promoter & Promoter Group), as at 2026-06-30"
COALINDIA,Coal India Limited,Parag parikh flexi cap fund,Domestic AMC,186881004,,,,,rule:indian-fund-scheme,high,IN,asset_manager,managed_funds,,matched by deterministic name rule
COALINDIA,Coal India Limited,CPSE exchange traded scheme (CPSE ETF),Domestic AMC,96936016,,,,,rule:indian-fund-scheme,high,IN,asset_manager,managed_funds,,matched by deterministic name rule
COALINDIA,Coal India Limited,SBI Nifty 50 ETF,Domestic AMC,85175109,,,,,rule:indian-fund-scheme,high,IN,asset_manager,managed_funds,,matched by deterministic name rule
COALINDIA,Coal India Limited,Life insurance corporation of India,Domestic Insurance,631121984,,,,,rule:insurance+india,high,IN,insurer,insurance_float,,matched by deterministic name rule
DRREDDY,Dr. Reddy's Laboratories Limited,Kallam Satish Reddy HUF,Promoter,27618385,,,,,filing (token+numeric),high,IN,,,,"SEBI LODR Reg 31 shareholding pattern (Table II - Promoter & Promoter Group), as at 2026-06-30"
DRREDDY,Dr. Reddy's Laboratories Limited,Gunupati Venkateswara Prasad HUF,Promoter,12717090,,,,,filing (token+numeric),high,IN,,,,"SEBI LODR Reg 31 shareholding pattern (Table II - Promoter & Promoter Group), as at 2026-06-30"
DRREDDY,Dr. Reddy's Laboratories Limited,Satish Reddy Kallam,Promoter,10107505,,,,,filing (token+numeric),high,IN,,,,"SEBI LODR Reg 31 shareholding pattern (Table II - Promoter & Promoter Group), as at 2026-06-30"
DRREDDY,Dr. Reddy's Laboratories Limited,Anuradha Gunupati,Promoter,46025,,,,,filing (token+numeric),high,IN,,,,"SEBI LODR Reg 31 shareholding pattern (Table II - Promoter & Promoter Group), as at 2026-06-30"
DRREDDY,Dr. Reddy's Laboratories Limited,Deepti Reddy Kallam,Promoter,25700,,,,,filing (token+numeric),high,IN,,,,"SEBI LODR Reg 31 shareholding pattern (Table II - Promoter & Promoter Group), as at 2026-06-30"
DRREDDY,Dr. Reddy's Laboratories Limited,G Vani Sanjana Reddy,Promoter,25700,,,,,filing (token+numeric),high,IN,,,,"SEBI LODR Reg 31 shareholding pattern (Table II - Promoter & Promoter Group), as at 2026-06-30"
DRREDDY,Dr. Reddy's Laboratories Limited,Gunupati Mallika Reddy,Promoter,25695,,,,,filing (token+numeric),high,IN,,,,"SEBI LODR Reg 31 shareholding pattern (Table II - Promoter & Promoter Group), as at 2026-06-30"
DRREDDY,Dr. Reddy's Laboratories Limited,Parvathi Gunupati,Promoter,10800,,,,,filing (token+numeric),high,IN,,,,"SEBI LODR Reg 31 shareholding pattern (Table II - Promoter & Promoter Group), as at 2026-06-30"
DRREDDY,Dr. Reddy's Laboratories Limited,Sharathchandra Reddy Gunupati,Promoter,13000,,,,,filing (token+numeric),high,IN,,,,"SEBI LODR Reg 31 shareholding pattern (Table II - Promoter & Promoter Group), as at 2026-06-30"
DRREDDY,Dr. Reddy's Laboratories Limited,GVP Family Trust,Promoter,96095920,,,,,filing (token+numeric),high,IN,,,,"SEBI LODR Reg 31 shareholding pattern (Table II - Promoter & Promoter Group), as at 2026-06-30"
DRREDDY,Dr. Reddy's Laboratories Limited,VSD Family Trust,Promoter,75630620,,,,,filing (token+numeric),high,IN,,,,"SEBI LODR Reg 31 shareholding pattern (Table II - Promoter & Promoter Group), as at 2026-06-30"
DRREDDY,Dr. Reddy's Laboratories Limited,ICICI Prudential Value Discovery Fund,Domestic AMC,36842838,,,,,rule:indian-fund-scheme,high,IN,asset_manager,managed_funds,,matched by deterministic name rule
DRREDDY,Dr. Reddy's Laboratories Limited,Nippon Life India Trustee Ltd-A/C-Nippon India Nifty 50 Value 20 Index Fund,Domestic Insurance,15682948,,,,,rule:insurance+india,high,IN,insurer,insurance_float,,matched by deterministic name rule
DRREDDY,Dr. Reddy's Laboratories Limited,Parag Parikh Flexi Cap Fund,Domestic AMC,14706891,,,,,rule:indian-fund-scheme,high,IN,asset_manager,managed_funds,,matched by deterministic name rule
DRREDDY,Dr. Reddy's Laboratories Limited,SBI Nifty Index Fund,Domestic AMC,11960032,,,,,rule:indian-fund-scheme,high,IN,asset_manager,managed_funds,,matched by deterministic name rule
DRREDDY,Dr. Reddy's Laboratories Limited,Government Pension Fund Global,Foreign Government,9038674,,,,,web,high,NO,sovereign_wealth_fund,sovereign_assets,,https://en.wikipedia.org/wiki/Government_Pension_Fund_of_Norway
DRREDDY,Dr. Reddy's Laboratories Limited,Life Insurance Corporation of India P & GS Fund,Domestic Insurance,101502343,,,,,rule:indian-insurer-scheme,high,IN,insurer,insurance_float,,matched by deterministic name rule
DRREDDY,Dr. Reddy's Laboratories Limited,J P Morgan Chase Bank NA,Bank,95244276,,,,,rule:bank-by-name,medium,,bank,own_balance_sheet,REVIEW,matched by deterministic name rule
DRREDDY,Dr. Reddy's Laboratories Limited,NPS Trust-A/C SBI Pension Fund Scheme Tax Saver-Tier 2,Domestic AMC,26274811,,,,,rule:amc+india,high,IN,asset_manager,managed_funds,,matched by deterministic name rule
EICHERMOT,Eicher Motors Limited,Simran Lal,Promoter,,3152410,,,,filing (token+numeric),high,IN,,,,"SEBI LODR Reg 31 shareholding pattern (Table II - Promoter & Promoter Group), as at 2026-03-31"
EICHERMOT,Eicher Motors Limited,Vikram Lal,Promoter,,0,,,,filing (token),high,IN,,,,"SEBI LODR Reg 31 shareholding pattern (Table II - Promoter & Promoter Group), as at 2026-03-31"
EICHERMOT,Eicher Motors Limited,Anita Lal,Promoter,,0,,,,filing (token),high,IN,,,,"SEBI LODR Reg 31 shareholding pattern (Table II - Promoter & Promoter Group), as at 2026-03-31"
EICHERMOT,Eicher Motors Limited,Raul Rai,Promoter,,350,,,,filing (token+numeric),high,IN,,,,"SEBI LODR Reg 31 shareholding pattern (Table II - Promoter & Promoter Group), as at 2026-03-31"
EICHERMOT,Eicher Motors Limited,Raghavendra Rai,Promoter,,0,,,,filing (token),high,IN,,,,"SEBI LODR Reg 31 shareholding pattern (Table II - Promoter & Promoter Group), as at 2026-03-31"
EICHERMOT,Eicher Motors Limited,Arjuna Lal Rai,Promoter,,0,,,,filing (token),high,IN,,,,"SEBI LODR Reg 31 shareholding pattern (Table II - Promoter & Promoter Group), as at 2026-03-31"
EICHERMOT,Eicher Motors Limited,KARVANSARAI INVESTMENTS PRIVATE LIMITED,Promoter,,151430,,,,filing (token+numeric),high,IN,,,,"SEBI LODR Reg 31 shareholding pattern (Table II - Promoter & Promoter Group), as at 2026-03-31"
EICHERMOT,Eicher Motors Limited,EICHER GOODEARTH PRIVATE LIMITED,Promoter,,0,,,,filing (token),high,IN,,,,"SEBI LODR Reg 31 shareholding pattern (Table II - Promoter & Promoter Group), as at 2026-03-31"
EICHERMOT,Eicher Motors Limited,EICHER FOOTWEAR LIMITED,Promoter,,0,,,,filing (token),high,IN,,,,"SEBI LODR Reg 31 shareholding pattern (Table II - Promoter & Promoter Group), as at 2026-03-31"
EICHERMOT,Eicher Motors Limited,SHAMBHALA GOODEARTH PRIVATE LIMITED,Promoter,,0,,,,filing (token),high,IN,,,,"SEBI LODR Reg 31 shareholding pattern (Table II - Promoter & Promoter Group), as at 2026-03-31"
EICHERMOT,Eicher Motors Limited,ROSABAGH PERFUMERIE PRIVATE LIMITED,Promoter,,0,,,,filing (token),high,IN,,,,"SEBI LODR Reg 31 shareholding pattern (Table II - Promoter & Promoter Group), as at 2026-03-31"
EICHERMOT,Eicher Motors Limited,LEAN MANAGEMENT INSTITUTE OF INDIA,Promoter,,0,,,,filing (token),high,IN,,,,"SEBI LODR Reg 31 shareholding pattern (Table II - Promoter & Promoter Group), as at 2026-03-31"
EICHERMOT,Eicher Motors Limited,GOOD EARTH EDUCATION FOUNDATION,Promoter,,0,,,,filing (token),high,IN,,,,"SEBI LODR Reg 31 shareholding pattern (Table II - Promoter & Promoter Group), as at 2026-03-31"
EICHERMOT,Eicher Motors Limited,GOODEARTH DESIGN STUDIO PRIVATE LIMITED,Promoter,,0,,,,filing (token),high,IN,,,,"SEBI LODR Reg 31 shareholding pattern (Table II - Promoter & Promoter Group), as at 2026-03-31"
EICHERMOT,Eicher Motors Limited,SST HOLIDAY HOMES PRIVATE LIMITED,Promoter,,0,,,,filing (token),high,IN,,,,"SEBI LODR Reg 31 shareholding pattern (Table II - Promoter & Promoter Group), as at 2026-03-31"
EICHERMOT,Eicher Motors Limited,NICOBAR DESIGN STUDIO PRIVATE LIMITED,Promoter,,0,,,,filing (token),high,IN,,,,"SEBI LODR Reg 31 shareholding pattern (Table II - Promoter & Promoter Group), as at 2026-03-31"
EICHERMOT,Eicher Motors Limited,EICHER GOODEARTH INDIA PRIVATE LIMITED,Promoter,,0,,,,filing (token),high,IN,,,,"SEBI LODR Reg 31 shareholding pattern (Table II - Promoter & Promoter Group), as at 2026-03-31"
EICHERMOT,Eicher Motors Limited,NICOBAR DESIGN PRIVATE LIMITED,Promoter,,0,,,,filing (token),high,IN,,,,"SEBI LODR Reg 31 shareholding pattern (Table II - Promoter & Promoter Group), as at 2026-03-31"
EICHERMOT,Eicher Motors Limited,RUAR HIMALAYA PRIVATE LIMITED,Promoter,,0,,,,filing (token),high,IN,,,,"SEBI LODR Reg 31 shareholding pattern (Table II - Promoter & Promoter Group), as at 2026-03-31"
EICHERMOT,Eicher Motors Limited,THE SIMRAN SIDDHARTHA TARA BENEFIT TRUST (Name of trustees are mentioned in Note-4),Promoter,,120306480,,,,filing (token+numeric),high,IN,,,,"SEBI LODR Reg 31 shareholding pattern (Table II - Promoter & Promoter Group), as at 2026-03-31"
EICHERMOT,Eicher Motors Limited,"THE BRINDA LAL TRUST (Mrs Anita Lal, Mr. Vikram Lal & Mr. Ravi Prakash)",Promoter,,4857070,,,,filing (token+numeric),high,IN,,,,"SEBI LODR Reg 31 shareholding pattern (Table II - Promoter & Promoter Group), as at 2026-03-31"
EICHERMOT,Eicher Motors Limited,"THE LAL FAMILY TRUST (Mr Vikram Lal, Mrs Anita Lal, Ms Simran Lal, Mr Siddhartha Lal & Ms Tara Lal)",Promoter,,0,,,,filing (token),high,IN,,,,"SEBI LODR Reg 31 shareholding pattern (Table II - Promoter & Promoter Group), as at 2026-03-31"
EICHERMOT,Eicher Motors Limited,EICHER GOODEARTH TRUST (Mr. Vikram Lal & Mrs. Anita Lal),Promoter,,0,,,,filing (token),high,IN,,,,"SEBI LODR Reg 31 shareholding pattern (Table II - Promoter & Promoter Group), as at 2026-03-31"
EICHERMOT,Eicher Motors Limited,"SIDDHARTHA LAL TRUST (Mr. Vikram Lal, Mr. Siddhartha Lal & Mrs. Natasha Jamal)",Promoter,,61470,,,,filing (token+numeric),high,IN,,,,"SEBI LODR Reg 31 shareholding pattern (Table II - Promoter & Promoter Group), as at 2026-03-31"
EICHERMOT,Eicher Motors Limited,"TARA LAL TRUST (Mr. Vikram Lal, Ms. Tara Lal, Ms. Simran Lal & Ms. Mahima Puri)",Promoter,,324,,,,filing (token+numeric),high,IN,,,,"SEBI LODR Reg 31 shareholding pattern (Table II - Promoter & Promoter Group), as at 2026-03-31"
EICHERMOT,Eicher Motors Limited,LEILA NOOR LAL BENEFIT TRUST (Mr. Siddhartha Lal & Ms. Natasha Jamal),Promoter,,0,,,,filing (token),high,IN,,,,"SEBI LODR Reg 31 shareholding pattern (Table II - Promoter & Promoter Group), as at 2026-03-31"
EICHERMOT,Eicher Motors Limited,ZORAVAR LAL BENEFIT TRUST (Mr. Siddhartha Lal & Ms. Natasha Jamal),Promoter,,0,,,,filing (token),high,IN,,,,"SEBI LODR Reg 31 shareholding pattern (Table II - Promoter & Promoter Group), as at 2026-03-31"
EICHERMOT,Eicher Motors Limited,"GOODEARTH MASTER TRUST (Ms. Simran Lal, Mr. Siddhartha Lal & Ms. Tara Lal)",Promoter,,0,,,,filing (token),high,IN,,,,"SEBI LODR Reg 31 shareholding pattern (Table II - Promoter & Promoter Group), as at 2026-03-31"
EICHERMOT,Eicher Motors Limited,"SIMRAN LAL TRUST (Ms. Simran Lal, Mr. Raul Rai & Ms. Tara Lal)",Promoter,,0,,,,filing (token),high,IN,,,,"SEBI LODR Reg 31 shareholding pattern (Table II - Promoter & Promoter Group), as at 2026-03-31"
EICHERMOT,Eicher Motors Limited,ZORAVAR LAL TRUST (Mr. Siddhartha Lal & Ms. Natasha Jamal),Promoter,,0,,,,filing (token),high,IN,,,,"SEBI LODR Reg 31 shareholding pattern (Table II - Promoter & Promoter Group), as at 2026-03-31"
EICHERMOT,Eicher Motors Limited,LEILA NOOR LAL TRUST (Mr. Siddhartha Lal & Ms. Natasha Jamal),Promoter,,0,,,,filing (token),high,IN,,,,"SEBI LODR Reg 31 shareholding pattern (Table II - Promoter & Promoter Group), as at 2026-03-31"
EICHERMOT,Eicher Motors Limited,RAGHAVENDRA RAI TRUST (Ms. Simran Lal & Mr. Raul Rai),Promoter,,0,,,,filing (token),high,IN,,,,"SEBI LODR Reg 31 shareholding pattern (Table II - Promoter & Promoter Group), as at 2026-03-31"
EICHERMOT,Eicher Motors Limited,ARJUN RAI TRUST (Ms. Simran Lal & Mr. Raul Rai),Promoter,,0,,,,filing (token),high,IN,,,,"SEBI LODR Reg 31 shareholding pattern (Table II - Promoter & Promoter Group), as at 2026-03-31"
EICHERMOT,Eicher Motors Limited,"NATASHA JAMAL TRUST (Mr. Siddhartha Lal, Ms. Natasha Jamal, Mrs. Sunita Jamal & Mr. Vikram Lal)",Promoter,,0,,,,filing (token),high,IN,,,,"SEBI LODR Reg 31 shareholding pattern (Table II - Promoter & Promoter Group), as at 2026-03-31"
EICHERMOT,Eicher Motors Limited,TARA LAL,Promoter,,3149940,,,,filing (token+numeric),high,IN,,,,"SEBI LODR Reg 31 shareholding pattern (Table II - Promoter & Promoter Group), as at 2026-03-31"
EICHERMOT,Eicher Motors Limited,SIDDHARTHA VIKRAM LAL,Promoter,,2885470,,,,filing (token+numeric),high,IN,,,,"SEBI LODR Reg 31 shareholding pattern (Table II - Promoter & Promoter Group), as at 2026-03-31"
EICHERMOT,Eicher Motors Limited,NATASHA JAMAL,Promoter,,0,,,,filing (token),high,IN,,,,"SEBI LODR Reg 31 shareholding pattern (Table II - Promoter & Promoter Group), as at 2026-03-31"
EICHERMOT,Eicher Motors Limited,ZORAVAR LAL,Promoter,,0,,,,filing (token),high,IN,,,,"SEBI LODR Reg 31 shareholding pattern (Table II - Promoter & Promoter Group), as at 2026-03-31"
EICHERMOT,Eicher Motors Limited,LEILA NOOR LAL,Promoter,,0,,,,filing (token),high,IN,,,,"SEBI LODR Reg 31 shareholding pattern (Table II - Promoter & Promoter Group), as at 2026-03-31"
EICHERMOT,Eicher Motors Limited,Hdfc Trustee Company Limited-Hdfc Flexi Cap Fund,Domestic AMC,,7648381,,,,rule:indian-fund-scheme,high,IN,asset_manager,managed_funds,,matched by deterministic name rule
EICHERMOT,Eicher Motors Limited,SBI Nifty 50 ETF,Domestic AMC,,7465418,,,,rule:indian-fund-scheme,high,IN,asset_manager,managed_funds,,matched by deterministic name rule
EICHERMOT,Eicher Motors Limited,UTI Nifty 50 ETF,Domestic AMC,,3688364,,,,rule:indian-fund-scheme,high,IN,asset_manager,managed_funds,,matched by deterministic name rule
EICHERMOT,Eicher Motors Limited,NPS Trust- A/C SBI Pension Fund Scheme-State Govt,Domestic AMC,,3407097,,,,rule:amc+india,high,IN,asset_manager,managed_funds,,matched by deterministic name rule
EICHERMOT,Eicher Motors Limited,Life Insurance Corporation Of India,Domestic Insurance,,3127333,,,,rule:insurance+india,high,IN,insurer,insurance_float,,matched by deterministic name rule
EICHERMOT,Eicher Motors Limited,New World Fund Inc,Foreign AMC,,3706104,,,,web,high,US,asset_manager,managed_funds,,https://sec.gov/Archives/edgar/data/1073330/000005193118000997/nwf_nq.htm
EICHERMOT,Eicher Motors Limited,Government Of Singapore,Foreign Government,,2923691,,,,web,high,SG,sovereign_wealth_fund,sovereign_assets,,https://ifswf.org/member-profiles/government-singapore-investment-corporation
ETERNAL,Eternal Limited (formerly Zomato),Info Edge (India) Limited,Domestic corporate,1194687095,,,,,rule:indian-company,medium,IN,operating_company,operating_company_treasury,REVIEW,matched by deterministic name rule
ETERNAL,Eternal Limited (formerly Zomato),Deepinder Goyal,Individual,424238500,,,,,bloomberg-holder-type,high,IN,,,,deterministic rule
ETERNAL,Eternal Limited (formerly Zomato),HDFC Trustee Company Limited - HDFC Flexi Cap Fund,Domestic AMC,415464919,,,,,rule:indian-fund-scheme,high,IN,asset_manager,managed_funds,,matched by deterministic name rule
ETERNAL,Eternal Limited (formerly Zomato),SBI Nifty 50 ETF,Domestic AMC,351503000,,,,,rule:indian-fund-scheme,high,IN,asset_manager,managed_funds,,matched by deterministic name rule
ETERNAL,Eternal Limited (formerly Zomato),Kotak Flexicap Fund,Domestic AMC,291909215,,,,,rule:indian-fund-scheme,high,IN,asset_manager,managed_funds,,matched by deterministic name rule
ETERNAL,Eternal Limited (formerly Zomato),ICICI Prudential Balanced Advantage Fund,Domestic AMC,290434186,,,,,rule:indian-fund-scheme,high,IN,asset_manager,managed_funds,,matched by deterministic name rule
ETERNAL,Eternal Limited (formerly Zomato),Nippon Life India Trustee Ltd - Nippon India ETF Nifty 50 BeES,Domestic AMC,245933940,,,,,rule:indian-fund-trustee,high,IN,asset_manager,managed_funds,,matched by deterministic name rule
ETERNAL,Eternal Limited (formerly Zomato),UTI Flexi Cap Fund,Domestic AMC,222340017,,,,,rule:indian-fund-scheme,high,IN,asset_manager,managed_funds,,matched by deterministic name rule
ETERNAL,Eternal Limited (formerly Zomato),Axis Mutual Fund Trustee Ltd - Axis Large Cap Fund,Domestic AMC,188564876,,,,,rule:indian-fund-trustee,high,IN,asset_manager,managed_funds,,matched by deterministic name rule
ETERNAL,Eternal Limited (formerly Zomato),NPS Trust - SBI Pension Fund Scheme - State Govt,Domestic Pension Fund,180068400,,,,,rule:indian-pension-scheme,high,IN,pension_fund,pension_assets,,matched by deterministic name rule
ETERNAL,Eternal Limited (formerly Zomato),Motilal Oswal Midcap Fund,Domestic AMC,177041573,,,,,rule:indian-fund-scheme,high,IN,asset_manager,managed_funds,,matched by deterministic name rule
ETERNAL,Eternal Limited (formerly Zomato),Camas Investments Pte. Ltd,Foreign corporate,168084489,,,,,rule:foreign-legal-form,medium,,operating_company,operating_company_treasury,REVIEW,matched by deterministic name rule
ETERNAL,Eternal Limited (formerly Zomato),Aditya Birla Sun Life Trustee - ABSL Large Cap Fund,Domestic AMC,124349895,,,,,rule:indian-fund-trustee,high,IN,asset_manager,managed_funds,,matched by deterministic name rule
ETERNAL,Eternal Limited (formerly Zomato),SBI Life Insurance Co. Ltd,Domestic Insurance,110049667,,,,,rule:insurance+india,high,IN,insurer,insurance_float,,matched by deterministic name rule
ETERNAL,Eternal Limited (formerly Zomato),Dunearn Investments (Mauritius) Pte Ltd,Foreign corporate,109309341,,,,,rule:foreign-legal-form,medium,,operating_company,operating_company_treasury,REVIEW,matched by deterministic name rule
ETERNAL,Eternal Limited (formerly Zomato),Invesco India Focused Fund,Domestic AMC,104481474,,,,,rule:indian-fund-scheme,high,IN,asset_manager,managed_funds,,matched by deterministic name rule
ETERNAL,Eternal Limited (formerly Zomato),Canara Robeco Mutual Fund - Canara Robeco Large And Mid Cap Fund,Domestic AMC,101427948,,,,,rule:indian-fund-scheme,high,IN,asset_manager,managed_funds,,matched by deterministic name rule
GRASIM,Grasim Industries Limited,SBI Nifty 50 ETF,Promoter,10916925,,,,,filing (token+numeric),high,IN,,,,"SEBI LODR Reg 31 shareholding pattern (Table II - Promoter & Promoter Group), as at 2026-06-30"
GRASIM,Grasim Industries Limited,ICICI Prudential Nifty ETF,Promoter,6900184,,,,,filing (token+numeric),high,IN,,,,"SEBI LODR Reg 31 shareholding pattern (Table II - Promoter & Promoter Group), as at 2026-06-30"
GRASIM,Grasim Industries Limited,Life Insurance Corporation of India,Promoter,44867472,,,,,filing (token+numeric),high,IN,,,,"SEBI LODR Reg 31 shareholding pattern (Table II - Promoter & Promoter Group), as at 2026-06-30"
GRASIM,Grasim Industries Limited,Provident funds / Pension Funds,Promoter,9803199,,,,,filing (token+numeric),high,IN,,,,"SEBI LODR Reg 31 shareholding pattern (Table II - Promoter & Promoter Group), as at 2026-06-30"
GRASIM,Grasim Industries Limited,"NPS Trust - A/c UTI Pension Fund Limited - Scheme State 1 98,03,199 - - 98,03,199 1.44 98,03,199 -98,03,199",Promoter,9803199,,,,,filing (token+numeric),high,IN,,,,"SEBI LODR Reg 31 shareholding pattern (Table II - Promoter & Promoter Group), as at 2026-06-30"
GRASIM,Grasim Industries Limited,Theleme Master Fund Limited,Promoter,7976267,,,,,filing (token+numeric),high,IN,,,,"SEBI LODR Reg 31 shareholding pattern (Table II - Promoter & Promoter Group), as at 2026-06-30"
GRASIM,Grasim Industries Limited,Overseas Depositories (holding DRs) (balancing figure),Promoter,17247309,,,,,filing (token+numeric),high,IN,,,,"SEBI LODR Reg 31 shareholding pattern (Table II - Promoter & Promoter Group), as at 2026-06-30"
GRASIM,Grasim Industries Limited,"Citibank N.A. New York, NYADR Department",Promoter,17247309,,,,,filing (token+numeric),high,IN,,,,"SEBI LODR Reg 31 shareholding pattern (Table II - Promoter & Promoter Group), as at 2026-06-30"
GRASIM,Grasim Industries Limited,Gagandeep Credit Capital Pvt Ltd,Promoter,9923232,,,,,filing (token+numeric),high,IN,,,,"SEBI LODR Reg 31 shareholding pattern (Table II - Promoter & Promoter Group), as at 2026-06-30"
GRASIM,Grasim Industries Limited,Shamyak Investment Private Limited,Promoter,9754321,,,,,filing (token+numeric),high,IN,,,,"SEBI LODR Reg 31 shareholding pattern (Table II - Promoter & Promoter Group), as at 2026-06-30"
GRASIM,Grasim Industries Limited,Unclaimed or Suspense or Escrow Account,Promoter,107737,,,,,filing (token+numeric),high,IN,,,,"SEBI LODR Reg 31 shareholding pattern (Table II - Promoter & Promoter Group), as at 2026-06-30"
GRASIM,Grasim Industries Limited,Shareholding (C) = (C)(1)+(C)(2),Individual,2291214,,,,,bloomberg-holder-type,high,IN,,,,deterministic rule
GRASIM,Grasim Industries Limited,Promoter & Promoter Group*,Individual,297672111,,,,,bloomberg-holder-type,high,IN,,,,deterministic rule
GRASIM,Grasim Industries Limited,Public*,Individual,380584412,,,,,bloomberg-holder-type,high,IN,,,,deterministic rule
GRASIM,Grasim Industries Limited,Non promoter- Non,Individual,2291214,,,,,bloomberg-holder-type,high,IN,,,,deterministic rule
GRASIM,Grasim Industries Limited,Kumar Mangalam Birla,Individual,1776589,,,,,bloomberg-holder-type,high,IN,,,,deterministic rule
GRASIM,Grasim Industries Limited,Neerja Birla,Individual,75967,,,,,bloomberg-holder-type,high,IN,,,,deterministic rule
GRASIM,Grasim Industries Limited,Rajashree Birla,Individual,574829,,,,,bloomberg-holder-type,high,IN,,,,deterministic rule
GRASIM,Grasim Industries Limited,Vasavadatta Bajaj,Individual,123249,,,,,bloomberg-holder-type,high,IN,,,,deterministic rule
GRASIM,Grasim Industries Limited,Promoter group,Individual,93287,,,,,bloomberg-holder-type,high,IN,,,,deterministic rule
GRASIM,Grasim Industries Limited,Ananyashree Birla,Individual,36800,,,,,bloomberg-holder-type,high,IN,,,,deterministic rule
GRASIM,Grasim Industries Limited,Aryaman Vikram Birla,Individual,36800,,,,,bloomberg-holder-type,high,IN,,,,deterministic rule
GRASIM,Grasim Industries Limited,Advaitesha Birla,Individual,36800,,,,,bloomberg-holder-type,high,IN,,,,deterministic rule
GRASIM,Grasim Industries Limited,Birla Consultants Limited,Domestic corporate,90856,,,,,rule:indian-company,medium,IN,operating_company,operating_company_treasury,REVIEW,matched by deterministic name rule
GRASIM,Grasim Industries Limited,Birla Industrial Finance (India) Limited,Domestic corporate,90962,,,,,rule:indian-company,medium,IN,operating_company,operating_company_treasury,REVIEW,matched by deterministic name rule
GRASIM,Grasim Industries Limited,Birla Industrial Investments (India) Limited,Domestic corporate,19400,,,,,rule:indian-company,medium,IN,operating_company,operating_company_treasury,REVIEW,matched by deterministic name rule
GRASIM,Grasim Industries Limited,Hindalco Industries Limited,Domestic corporate,29168472,,,,,rule:indian-company,medium,IN,operating_company,operating_company_treasury,REVIEW,matched by deterministic name rule
GRASIM,Grasim Industries Limited,Birla Group Holdings Private Limited,Domestic corporate,157782973,,,,,rule:indian-legal-form,medium,IN,operating_company,operating_company_treasury,REVIEW,matched by deterministic name rule
GRASIM,Grasim Industries Limited,Rajratna Holdings Private Limited,Domestic corporate,697,,,,,rule:indian-legal-form,medium,IN,operating_company,operating_company_treasury,REVIEW,matched by deterministic name rule
GRASIM,Grasim Industries Limited,Vikram Holdings Pvt Ltd,Domestic corporate,781,,,,,rule:indian-legal-form,medium,IN,operating_company,operating_company_treasury,REVIEW,matched by deterministic name rule
GRASIM,Grasim Industries Limited,Vaibhav Holdings Private Limited,Domestic corporate,697,,,,,rule:indian-legal-form,medium,IN,operating_company,operating_company_treasury,REVIEW,matched by deterministic name rule
GRASIM,Grasim Industries Limited,Birla Institute of Technology and Science,Individual,661205,,,,,bloomberg-holder-type,high,IN,,,,deterministic rule
GRASIM,Grasim Industries Limited,Pilani Investment and Industries,,30335623,,,,,unresolved,low,,,,REVIEW,
GRASIM,Grasim Industries Limited,Renuka Ventures Limited,Domestic corporate,250302,,,,,rule:indian-company,medium,IN,operating_company,operating_company_treasury,REVIEW,matched by deterministic name rule
GRASIM,Grasim Industries Limited,IGH Holdings Private Limited,Domestic corporate,45195313,,,,,rule:indian-legal-form,medium,IN,operating_company,operating_company_treasury,REVIEW,matched by deterministic name rule
GRASIM,Grasim Industries Limited,P.T. Indo Bharat Rayon,Individual,20004020,,,,,bloomberg-holder-type,high,IN,,,,deterministic rule
GRASIM,Grasim Industries Limited,PT. Sunrise Bumi Textiles,Individual,1268750,,,,,bloomberg-holder-type,high,IN,,,,deterministic rule
GRASIM,Grasim Industries Limited,PT. Elegant Textile Industry,Individual,808750,,,,,bloomberg-holder-type,high,IN,,,,deterministic rule
GRASIM,Grasim Industries Limited,Thai Rayon Public Company Limited,Foreign corporate,4774666,,,,,rule:foreign-legal-form,medium,,operating_company,operating_company_treasury,REVIEW,matched by deterministic name rule
GRASIM,Grasim Industries Limited,Surya Kiran Investments Pte Limited,Foreign corporate,5000,,,,,rule:foreign-legal-form,medium,,operating_company,operating_company_treasury,REVIEW,matched by deterministic name rule
GRASIM,Grasim Industries Limited,Anatole Investments Pte Ltd,Foreign corporate,4459323,,,,,rule:foreign-legal-form,medium,,operating_company,operating_company_treasury,REVIEW,matched by deterministic name rule
GRASIM,Grasim Industries Limited,Group (A) = (A)(1) + (A)(2),Individual,297672111,,,,,bloomberg-holder-type,high,IN,,,,deterministic rule
HCLTECH,HCL Technologies Limited,Mr. Shiv Nadar,Promoter,736,,,,,filing (token+numeric),high,IN,,,,"SEBI LODR Reg 31 shareholding pattern (Table II - Promoter & Promoter Group), as at 2026-06-30"
HCLTECH,HCL Technologies Limited,Mrs. Kiran Nadar,Promoter,494602,,,,,filing (token+numeric),high,IN,,,,"SEBI LODR Reg 31 shareholding pattern (Table II - Promoter & Promoter Group), as at 2026-06-30"
HCLTECH,HCL Technologies Limited,Mrs. Roshni Nadar Malhotra,Promoter,696,,,,,filing (token+numeric),high,IN,,,,"SEBI LODR Reg 31 shareholding pattern (Table II - Promoter & Promoter Group), as at 2026-06-30"
HCLTECH,HCL Technologies Limited,Mr. Shikhar Neelkamal Malhotra,Promoter,0,,,,,filing (token),high,IN,,,,"SEBI LODR Reg 31 shareholding pattern (Table II - Promoter & Promoter Group), as at 2026-06-30"
HCLTECH,HCL Technologies Limited,Master Armaan Malhotra (minor),Promoter,0,,,,,filing (token),high,IN,,,,"SEBI LODR Reg 31 shareholding pattern (Table II - Promoter & Promoter Group), as at 2026-06-30"
HCLTECH,HCL Technologies Limited,Master Jahaan Malhotra (minor),Promoter,0,,,,,filing (token),high,IN,,,,"SEBI LODR Reg 31 shareholding pattern (Table II - Promoter & Promoter Group), as at 2026-06-30"
HCLTECH,HCL Technologies Limited,HCL Corporation Pvt. Ltd,Promoter,0,,,,,filing (token),high,IN,,,,"SEBI LODR Reg 31 shareholding pattern (Table II - Promoter & Promoter Group), as at 2026-06-30"
HCLTECH,HCL Technologies Limited,Vama Sundari Investments (Delhi) Pvt. Ltd,Promoter,1200361516,,,,,filing (token+numeric),high,IN,,,,"SEBI LODR Reg 31 shareholding pattern (Table II - Promoter & Promoter Group), as at 2026-06-30"
HCLTECH,HCL Technologies Limited,Universal Office Automation Limited,Promoter,0,,,,,filing (token),high,IN,,,,"SEBI LODR Reg 31 shareholding pattern (Table II - Promoter & Promoter Group), as at 2026-06-30"
HCLTECH,HCL Technologies Limited,International Data Management Limited,Promoter,0,,,,,filing (token),high,IN,,,,"SEBI LODR Reg 31 shareholding pattern (Table II - Promoter & Promoter Group), as at 2026-06-30"
HCLTECH,HCL Technologies Limited,HCL Infosystems Limited,Promoter,0,,,,,filing (token),high,IN,,,,"SEBI LODR Reg 31 shareholding pattern (Table II - Promoter & Promoter Group), as at 2026-06-30"
HCLTECH,HCL Technologies Limited,SSN Investments (Delhi) Pvt Ltd,Promoter,0,,,,,filing (token),high,IN,,,,"SEBI LODR Reg 31 shareholding pattern (Table II - Promoter & Promoter Group), as at 2026-06-30"
HCLTECH,HCL Technologies Limited,HCL IT City Lucknow Private Limited,Promoter,0,,,,,filing (token),high,IN,,,,"SEBI LODR Reg 31 shareholding pattern (Table II - Promoter & Promoter Group), as at 2026-06-30"
HCLTECH,HCL Technologies Limited,KRN Education Private Limited,Promoter,0,,,,,filing (token),high,IN,,,,"SEBI LODR Reg 31 shareholding pattern (Table II - Promoter & Promoter Group), as at 2026-06-30"
HCLTECH,HCL Technologies Limited,HCL Avitas Private Limited,Promoter,0,,,,,filing (token),high,IN,,,,"SEBI LODR Reg 31 shareholding pattern (Table II - Promoter & Promoter Group), as at 2026-06-30"
HCLTECH,HCL Technologies Limited,SSN Investments (Pondi) Private Limited,Promoter,0,,,,,filing (token),high,IN,,,,"SEBI LODR Reg 31 shareholding pattern (Table II - Promoter & Promoter Group), as at 2026-06-30"
HCLTECH,HCL Technologies Limited,Julian Investments (Chennai) Private Limited,Promoter,0,,,,,filing (token),high,IN,,,,"SEBI LODR Reg 31 shareholding pattern (Table II - Promoter & Promoter Group), as at 2026-06-30"
HCLTECH,HCL Technologies Limited,Blueberry Investments (Chennai) Private Limited,Promoter,0,,,,,filing (token),high,IN,,,,"SEBI LODR Reg 31 shareholding pattern (Table II - Promoter & Promoter Group), as at 2026-06-30"
HCLTECH,HCL Technologies Limited,Guddu Investments (Chennai) Private Limited,Promoter,0,,,,,filing (token),high,IN,,,,"SEBI LODR Reg 31 shareholding pattern (Table II - Promoter & Promoter Group), as at 2026-06-30"
HCLTECH,HCL Technologies Limited,Slocum Investments (Chennai) Private Limited,Promoter,0,,,,,filing (token),high,IN,,,,"SEBI LODR Reg 31 shareholding pattern (Table II - Promoter & Promoter Group), as at 2026-06-30"
HCLTECH,HCL Technologies Limited,SSN Investments (Chennai) Private Limited,Promoter,0,,,,,filing (token),high,IN,,,,"SEBI LODR Reg 31 shareholding pattern (Table II - Promoter & Promoter Group), as at 2026-06-30"
HCLTECH,HCL Technologies Limited,HCL Healthcare Pvt. Limited,Promoter,0,,,,,filing (token),high,IN,,,,"SEBI LODR Reg 31 shareholding pattern (Table II - Promoter & Promoter Group), as at 2026-06-30"
HCLTECH,HCL Technologies Limited,Kiranroshni Investments (Chennai) Private Limited,Promoter,0,,,,,filing (token),high,IN,,,,"SEBI LODR Reg 31 shareholding pattern (Table II - Promoter & Promoter Group), as at 2026-06-30"
HCLTECH,HCL Technologies Limited,Shivkiran Investments (Chennai) Private Limited,Promoter,0,,,,,filing (token),high,IN,,,,"SEBI LODR Reg 31 shareholding pattern (Table II - Promoter & Promoter Group), as at 2026-06-30"
HCLTECH,HCL Technologies Limited,Vama Sundari Investments (Pondi) Pvt Limited,Promoter,0,,,,,filing (token),high,IN,,,,"SEBI LODR Reg 31 shareholding pattern (Table II - Promoter & Promoter Group), as at 2026-06-30"
HCLTECH,HCL Technologies Limited,Esthetic Infra – Developers Pvt Limited,Promoter,0,,,,,filing (token),high,IN,,,,"SEBI LODR Reg 31 shareholding pattern (Table II - Promoter & Promoter Group), as at 2026-06-30"
HCLTECH,HCL Technologies Limited,Buoyant Infra – Developers Pvt Limited,Promoter,0,,,,,filing (token),high,IN,,,,"SEBI LODR Reg 31 shareholding pattern (Table II - Promoter & Promoter Group), as at 2026-06-30"
HCLTECH,HCL Technologies Limited,Cityframe Infra – Developers Pvt Limited,Promoter,0,,,,,filing (token),high,IN,,,,"SEBI LODR Reg 31 shareholding pattern (Table II - Promoter & Promoter Group), as at 2026-06-30"
HCLTECH,HCL Technologies Limited,Dhrtvan Business Accelerations Pvt Ltd (formerly known as Sprire Infra Developers Private Limited),Promoter,0,,,,,filing (token),high,IN,,,,"SEBI LODR Reg 31 shareholding pattern (Table II - Promoter & Promoter Group), as at 2026-06-30"
HCLTECH,HCL Technologies Limited,Saola Infra Developers Private Limited,Promoter,0,,,,,filing (token),high,IN,,,,"SEBI LODR Reg 31 shareholding pattern (Table II - Promoter & Promoter Group), as at 2026-06-30"
HCLTECH,HCL Technologies Limited,Grotto Infra Developers Private Limited,Promoter,0,,,,,filing (token),high,IN,,,,"SEBI LODR Reg 31 shareholding pattern (Table II - Promoter & Promoter Group), as at 2026-06-30"
HCLTECH,HCL Technologies Limited,HCL Capital Private Limited,Promoter,0,,,,,filing (token),high,IN,,,,"SEBI LODR Reg 31 shareholding pattern (Table II - Promoter & Promoter Group), as at 2026-06-30"
HCLTECH,HCL Technologies Limited,HCL Games Private Limited,Promoter,0,,,,,filing (token),high,IN,,,,"SEBI LODR Reg 31 shareholding pattern (Table II - Promoter & Promoter Group), as at 2026-06-30"
HCLTECH,HCL Technologies Limited,HCL Sterna Private Limited (formerly known as HCL Cortech Private Limited),Promoter,0,,,,,filing (token),high,IN,,,,"SEBI LODR Reg 31 shareholding pattern (Table II - Promoter & Promoter Group), as at 2026-06-30"
HCLTECH,HCL Technologies Limited,Guvi Geek Network Private Limited,Promoter,0,,,,,filing (token),high,IN,,,,"SEBI LODR Reg 31 shareholding pattern (Table II - Promoter & Promoter Group), as at 2026-06-30"
HCLTECH,HCL Technologies Limited,School Style Supplies Pvt Ltd,Promoter,0,,,,,filing (token),high,IN,,,,"SEBI LODR Reg 31 shareholding pattern (Table II - Promoter & Promoter Group), as at 2026-06-30"
HCLTECH,HCL Technologies Limited,(formerly known as HDFC Education and Development Services Private Limited),Promoter,0,,,,,filing (token),high,IN,,,,"SEBI LODR Reg 31 shareholding pattern (Table II - Promoter & Promoter Group), as at 2026-06-30"
HCLTECH,HCL Technologies Limited,Hudson Engineering & Technology Solutions Limited ( Formerly known as HCL Infosolutions Limited),Promoter,0,,,,,filing (token),high,IN,,,,"SEBI LODR Reg 31 shareholding pattern (Table II - Promoter & Promoter Group), as at 2026-06-30"
HCLTECH,HCL Technologies Limited,First Stonex Limited,Promoter,0,,,,,filing (token),high,IN,,,,"SEBI LODR Reg 31 shareholding pattern (Table II - Promoter & Promoter Group), as at 2026-06-30"
HCLTECH,HCL Technologies Limited,Ecstatic Employees Care & Support Limited (Formerly known as HCL Employees Investment Co. Limited),Promoter,0,,,,,filing (token),high,IN,,,,"SEBI LODR Reg 31 shareholding pattern (Table II - Promoter & Promoter Group), as at 2026-06-30"
HCLTECH,HCL Technologies Limited,South Asian Computers Ltd,Promoter,0,,,,,filing (token),high,IN,,,,"SEBI LODR Reg 31 shareholding pattern (Table II - Promoter & Promoter Group), as at 2026-06-30"
HCLTECH,HCL Technologies Limited,India Chip Private Limited,Promoter,0,,,,,filing (token),high,IN,,,,"SEBI LODR Reg 31 shareholding pattern (Table II - Promoter & Promoter Group), as at 2026-06-30"
HCLTECH,HCL Technologies Limited,Vama Sundari Education,Promoter,0,,,,,filing (token),high,IN,,,,"SEBI LODR Reg 31 shareholding pattern (Table II - Promoter & Promoter Group), as at 2026-06-30"
HCLTECH,HCL Technologies Limited,Slocum Education,Promoter,0,,,,,filing (token),high,IN,,,,"SEBI LODR Reg 31 shareholding pattern (Table II - Promoter & Promoter Group), as at 2026-06-30"
HCLTECH,HCL Technologies Limited,Vidyagyan Foundation,Promoter,0,,,,,filing (token),high,IN,,,,"SEBI LODR Reg 31 shareholding pattern (Table II - Promoter & Promoter Group), as at 2026-06-30"
HCLTECH,HCL Technologies Limited,SSN Incubation Foundation,Promoter,0,,,,,filing (token),high,IN,,,,"SEBI LODR Reg 31 shareholding pattern (Table II - Promoter & Promoter Group), as at 2026-06-30"
HCLTECH,HCL Technologies Limited,Prudential HCL Health Insurance Limited,Promoter,0,,,,,filing (token),high,IN,,,,"SEBI LODR Reg 31 shareholding pattern (Table II - Promoter & Promoter Group), as at 2026-06-30"
HCLTECH,HCL Technologies Limited,Kiran Nadar Musuem of Art,Promoter,2300000,,,,,filing (token+numeric),high,IN,,,,"SEBI LODR Reg 31 shareholding pattern (Table II - Promoter & Promoter Group), as at 2026-06-30"
HCLTECH,HCL Technologies Limited,Shiv Nadar Foundation,Promoter,2293104,,,,,filing (token+numeric),high,IN,,,,"SEBI LODR Reg 31 shareholding pattern (Table II - Promoter & Promoter Group), as at 2026-06-30"
HCLTECH,HCL Technologies Limited,SSN,Promoter,0,,,,,filing (token),high,IN,,,,"SEBI LODR Reg 31 shareholding pattern (Table II - Promoter & Promoter Group), as at 2026-06-30"
HCLTECH,HCL Technologies Limited,Shiv Nadar,Promoter,0,,,,,filing (token),high,IN,,,,"SEBI LODR Reg 31 shareholding pattern (Table II - Promoter & Promoter Group), as at 2026-06-30"
HCLTECH,HCL Technologies Limited,Vamasundari Scholarship,Promoter,0,,,,,filing (token),high,IN,,,,"SEBI LODR Reg 31 shareholding pattern (Table II - Promoter & Promoter Group), as at 2026-06-30"
HCLTECH,HCL Technologies Limited,The Habitats,Promoter,0,,,,,filing (token),high,IN,,,,"SEBI LODR Reg 31 shareholding pattern (Table II - Promoter & Promoter Group), as at 2026-06-30"
HCLTECH,HCL Technologies Limited,Shiv Nadar Institution of Eminence Deemed to be University,Promoter,0,,,,,filing (token),high,IN,,,,"SEBI LODR Reg 31 shareholding pattern (Table II - Promoter & Promoter Group), as at 2026-06-30"
HCLTECH,HCL Technologies Limited,"Anantya Sakti, Inc",Promoter,0,,,,,filing (token),high,IN,,,,"SEBI LODR Reg 31 shareholding pattern (Table II - Promoter & Promoter Group), as at 2026-06-30"
HCLTECH,HCL Technologies Limited,HCL Holdings Private Ltd,Promoter,446662032,,,,,filing (token+numeric),high,IN,,,,"SEBI LODR Reg 31 shareholding pattern (Table II - Promoter & Promoter Group), as at 2026-06-30"
HCLTECH,HCL Technologies Limited,HDFC Trustee Company Limited,Domestic AMC,56676384,,,,,rule:indian-fund-trustee,high,IN,asset_manager,managed_funds,,matched by deterministic name rule
HCLTECH,HCL Technologies Limited,SBI Mutual Fund,Domestic AMC,37799809,,,,,rule:amc+india,high,IN,asset_manager,managed_funds,,matched by deterministic name rule
HCLTECH,HCL Technologies Limited,ICICI Prudential Mutual Fund,Domestic AMC,31964191,,,,,rule:amc+india,high,IN,asset_manager,managed_funds,,matched by deterministic name rule
HCLTECH,HCL Technologies Limited,Parag Parikh Flexi Cap Fund,Domestic AMC,44231975,,,,,rule:indian-fund-scheme,high,IN,asset_manager,managed_funds,,matched by deterministic name rule
HCLTECH,HCL Technologies Limited,Life Insurance Corporation Of India,Domestic Insurance,193966713,,,,,rule:insurance+india,high,IN,insurer,insurance_float,,matched by deterministic name rule
HCLTECH,HCL Technologies Limited,NPS,Individual,33729612,,,,,bloomberg-holder-type,high,IN,,,,deterministic rule
HCLTECH,HCL Technologies Limited,Artisan International Value Fund,Foreign AMC,53387154,,,,,web,high,US,asset_manager,managed_funds,,https://sec.gov/Archives/edgar/data/935015/000119312511059568/d497.htm
HCLTECH,HCL Technologies Limited,HCL Technologies Stock Options,Individual,7823946,,,,,bloomberg-holder-type,high,IN,,,,deterministic rule
HINDUNILVR,Hindustan Unilever Limited,UNILEVER PLC,Promoter,1114370148,,,,,filing (token+numeric),high,IN,,,,"SEBI LODR Reg 31 shareholding pattern (Table II - Promoter & Promoter Group), as at 2026-06-30"
HINDUNILVR,Hindustan Unilever Limited,UNILEVER GROUP HOLDINGS LIMITED,Promoter,106739460,,,,,filing (token+numeric),high,IN,,,,"SEBI LODR Reg 31 shareholding pattern (Table II - Promoter & Promoter Group), as at 2026-06-30"
HINDUNILVR,Hindustan Unilever Limited,UNILEVER OVERSEAS HOLDINGS AG,Promoter,68784320,,,,,filing (token+numeric),high,IN,,,,"SEBI LODR Reg 31 shareholding pattern (Table II - Promoter & Promoter Group), as at 2026-06-30"
HINDUNILVR,Hindustan Unilever Limited,UNILEVER UK&CN HOLDINGS LIMITED,Promoter,60086250,,,,,filing (token+numeric),high,IN,,,,"SEBI LODR Reg 31 shareholding pattern (Table II - Promoter & Promoter Group), as at 2026-06-30"
HINDUNILVR,Hindustan Unilever Limited,UNILEVER SOUTH INDIA ESTATES LIMITED,Promoter,52747200,,,,,filing (token+numeric),high,IN,,,,"SEBI LODR Reg 31 shareholding pattern (Table II - Promoter & Promoter Group), as at 2026-06-30"
HINDUNILVR,Hindustan Unilever Limited,UNILEVER ASSAM ESTATES LIMITED,Promoter,32820480,,,,,filing (token+numeric),high,IN,,,,"SEBI LODR Reg 31 shareholding pattern (Table II - Promoter & Promoter Group), as at 2026-06-30"
HINDUNILVR,Hindustan Unilever Limited,UNILEVER OVERSEAS HOLDINGS B V,Promoter,18865000,,,,,filing (token+numeric),high,IN,,,,"SEBI LODR Reg 31 shareholding pattern (Table II - Promoter & Promoter Group), as at 2026-06-30"
HINDUNILVR,Hindustan Unilever Limited,ICICI Prudential India Opportunities Fund,Domestic AMC,41815213,,,,,rule:indian-fund-scheme,high,IN,asset_manager,managed_funds,,matched by deterministic name rule
HINDUNILVR,Hindustan Unilever Limited,SBI Equity Minimum Variance Fund,Domestic AMC,37746799,,,,,rule:indian-fund-scheme,high,IN,asset_manager,managed_funds,,matched by deterministic name rule
HINDUNILVR,Hindustan Unilever Limited,Life Insurance Corporation of India,Domestic Insurance,154902720,,,,,rule:insurance+india,high,IN,insurer,insurance_float,,matched by deterministic name rule
ICICIBANK,ICICI Bank Limited,SBI Mutual Fund,Domestic AMC,450111904,,,,,rule:amc+india,high,IN,asset_manager,managed_funds,,matched by deterministic name rule
ICICIBANK,ICICI Bank Limited,ICICI Prudential Mutual Fund,Domestic AMC,315762005,,,,,rule:amc+india,high,IN,asset_manager,managed_funds,,matched by deterministic name rule
ICICIBANK,ICICI Bank Limited,Life Insurance Corporation of India,Domestic Insurance,311817010,,,,,rule:insurance+india,high,IN,insurer,insurance_float,,matched by deterministic name rule
ICICIBANK,ICICI Bank Limited,HDFC Mutual Fund,Domestic AMC,256619648,,,,,rule:amc+india,high,IN,asset_manager,managed_funds,,matched by deterministic name rule
ICICIBANK,ICICI Bank Limited,NPS Trust,Domestic Pension Fund,242305251,,,,,web,high,IN,pension_fund,pension_assets,,https://www.pfrda.org.in/web/pfrda/intermediaries/registered-intermediaries/nps-trust
ICICIBANK,ICICI Bank Limited,Nippon Life India Mutual Fund,Domestic AMC,182635211,,,,,rule:indian-fund-scheme,high,IN,asset_manager,managed_funds,,matched by deterministic name rule
ICICIBANK,ICICI Bank Limited,UTI Mutual Fund,Domestic AMC,158795689,,,,,rule:amc+india,high,IN,asset_manager,managed_funds,,matched by deterministic name rule
ICICIBANK,ICICI Bank Limited,Government of Singapore,Foreign Government,107693000,,,,,web,high,SG,sovereign_wealth_fund,sovereign_assets,,https://ifswf.org/member-profiles/government-singapore-investment-corporation
ICICIBANK,ICICI Bank Limited,SBI Life Insurance Co. Ltd,Domestic Insurance,102408001,,,,,rule:insurance+india,high,IN,insurer,insurance_float,,matched by deterministic name rule
ICICIBANK,ICICI Bank Limited,Government Pension Fund Global,Foreign Government,102293052,,,,,web,high,NO,sovereign_wealth_fund,sovereign_assets,,https://en.wikipedia.org/wiki/Government_Pension_Fund_of_Norway
ICICIBANK,ICICI Bank Limited,Kotak Mutual Fund,Domestic AMC,86519523,,,,,rule:indian-fund-scheme,high,IN,asset_manager,managed_funds,,matched by deterministic name rule
ICICIBANK,ICICI Bank Limited,Vanguard Total International Stock Index Fund,Foreign AMC,77861347,,,,,web,high,US,asset_manager,managed_funds,,https://sec.gov/Archives/edgar/data/736054/000168386322001087/f11043d1.htm
ICICIBANK,ICICI Bank Limited,Axis Mutual Fund,Domestic AMC,75937247,,,,,rule:amc+india,high,IN,asset_manager,managed_funds,,matched by deterministic name rule
ICICIBANK,ICICI Bank Limited,Aditya Birla Sun Life Mutual Fund,Domestic AMC,74293638,,,,,rule:amc+india,high,IN,asset_manager,managed_funds,,matched by deterministic name rule
ICICIBANK,ICICI Bank Limited,"Vanguard Emerging Markets Stock Index Fund, A Series",Foreign AMC,73733631,,,,,rule:foreign-fund-house,medium,,asset_manager,managed_funds,REVIEW,matched by deterministic name rule
INDIGO,InterGlobe Aviation Limited,Interglobe Enterprises Private Limited,Promoter,137987201,,,,,filing (token+numeric),high,IN,,,,"SEBI LODR Reg 31 shareholding pattern (Table II - Promoter & Promoter Group), as at 2026-06-30"
INDIGO,InterGlobe Aviation Limited,The Chinkerpoo Family Trust (Trustee: Shobha Gangwal & J.P. Morgan Trust Company of Delaware),Promoter,5106413,,,,,filing (token+numeric),high,IN,,,,"SEBI LODR Reg 31 shareholding pattern (Table II - Promoter & Promoter Group), as at 2026-06-30"
INDIGO,InterGlobe Aviation Limited,Rakesh Gangwal,Promoter,17530493,,,,,filing (token+numeric),high,IN,,,,"SEBI LODR Reg 31 shareholding pattern (Table II - Promoter & Promoter Group), as at 2026-06-30"
INDIGO,InterGlobe Aviation Limited,Kapil Bhatia,Promoter,50000,,,,,filing (token+numeric),high,IN,,,,"SEBI LODR Reg 31 shareholding pattern (Table II - Promoter & Promoter Group), as at 2026-06-30"
INDIGO,InterGlobe Aviation Limited,Rahul Bhatia,Promoter,40000,,,,,filing (token+numeric),high,IN,,,,"SEBI LODR Reg 31 shareholding pattern (Table II - Promoter & Promoter Group), as at 2026-06-30"
INDIGO,InterGlobe Aviation Limited,Alok Mehta,Promoter,8440,,,,,filing (token+numeric),high,IN,,,,"SEBI LODR Reg 31 shareholding pattern (Table II - Promoter & Promoter Group), as at 2026-06-30"
INDIGO,InterGlobe Aviation Limited,Rohini Bhatia,Promoter,10000,,,,,filing (token+numeric),high,IN,,,,"SEBI LODR Reg 31 shareholding pattern (Table II - Promoter & Promoter Group), as at 2026-06-30"
INDIGO,InterGlobe Aviation Limited,ICICI Prudential Transportation and Logistics Fund,Domestic AMC,20304967,,,,,rule:indian-fund-scheme,high,IN,asset_manager,managed_funds,,matched by deterministic name rule
INDIGO,InterGlobe Aviation Limited,HDFC Trustee Company Limited - HDFC Tax Saverfund,Domestic AMC,16319674,,,,,rule:indian-fund-trustee,high,IN,asset_manager,managed_funds,,matched by deterministic name rule
INDIGO,InterGlobe Aviation Limited,SBI Arbitrage Opportunities Fund,Domestic AMC,13190837,,,,,rule:indian-fund-scheme,high,IN,asset_manager,managed_funds,,matched by deterministic name rule
INDIGO,InterGlobe Aviation Limited,Invesco India Focused Fund,Domestic AMC,5936646,,,,,rule:indian-fund-scheme,high,IN,asset_manager,managed_funds,,matched by deterministic name rule
INDIGO,InterGlobe Aviation Limited,Kotak Mahindra Trustee Co Ltd A/C Kotak Services Fund,Domestic AMC,5595678,,,,,rule:indian-fund-scheme,high,IN,asset_manager,managed_funds,,matched by deterministic name rule
INDIGO,InterGlobe Aviation Limited,Axis Mutual Fund Trustee Limited A/C Axis Mutual Fund,Domestic AMC,5226614,,,,,rule:amc+india,high,IN,asset_manager,managed_funds,,matched by deterministic name rule
INDIGO,InterGlobe Aviation Limited,UTI Nifty 50 ETF,Domestic AMC,4610253,,,,,rule:indian-fund-scheme,high,IN,asset_manager,managed_funds,,matched by deterministic name rule
INDIGO,InterGlobe Aviation Limited,Nippon Life India Trustee Ltd-A/C Nippon India Flexi Cap Fund,Domestic Insurance,4215194,,,,,rule:insurance+india,high,IN,insurer,insurance_float,,matched by deterministic name rule
INDIGO,InterGlobe Aviation Limited,Government of Singapore,Foreign Government,8213760,,,,,web,high,SG,sovereign_wealth_fund,sovereign_assets,,https://ifswf.org/member-profiles/government-singapore-investment-corporation
INDIGO,InterGlobe Aviation Limited,Government Pension Fund Global,Foreign Government,4775432,,,,,web,high,NO,sovereign_wealth_fund,sovereign_assets,,https://en.wikipedia.org/wiki/Government_Pension_Fund_of_Norway
INDIGO,InterGlobe Aviation Limited,NPS Trust- A/C ICICI Prudential Pension Fund Scheme,Domestic AMC,7914050,,,,,rule:amc+india,high,IN,asset_manager,managed_funds,,matched by deterministic name rule
INDIGO,InterGlobe Aviation Limited,Westbridge AIF I,,7439090,,,,,unresolved,low,,,,REVIEW,
INFY,Infosys Limited,Sudha Gopalakrishnan,Promoter,95357000,,,,,filing (token+numeric),high,IN,,,,"SEBI LODR Reg 31 shareholding pattern (Table II - Promoter & Promoter Group), as at 2026-06-30"
INFY,Infosys Limited,Rohan Murty,Promoter,60812892,,,,,filing (token+numeric),high,IN,,,,"SEBI LODR Reg 31 shareholding pattern (Table II - Promoter & Promoter Group), as at 2026-06-30"
INFY,Infosys Limited,Nandan M Nilekani,Promoter,40789562,,,,,filing (token+numeric),high,IN,,,,"SEBI LODR Reg 31 shareholding pattern (Table II - Promoter & Promoter Group), as at 2026-06-30"
INFY,Infosys Limited,Akshata Murty,Promoter,38957096,,,,,filing (token+numeric),high,IN,,,,"SEBI LODR Reg 31 shareholding pattern (Table II - Promoter & Promoter Group), as at 2026-06-30"
INFY,Infosys Limited,Asha Dinesh,Promoter,38579304,,,,,filing (token+numeric),high,IN,,,,"SEBI LODR Reg 31 shareholding pattern (Table II - Promoter & Promoter Group), as at 2026-06-30"
INFY,Infosys Limited,Rohini Nilekani,Promoter,34335092,,,,,filing (token+numeric),high,IN,,,,"SEBI LODR Reg 31 shareholding pattern (Table II - Promoter & Promoter Group), as at 2026-06-30"
INFY,Infosys Limited,Sudha N Murty,Promoter,34550626,,,,,filing (token+numeric),high,IN,,,,"SEBI LODR Reg 31 shareholding pattern (Table II - Promoter & Promoter Group), as at 2026-06-30"
INFY,Infosys Limited,Dinesh Krishnaswamy,Promoter,32479590,,,,,filing (token+numeric),high,IN,,,,"SEBI LODR Reg 31 shareholding pattern (Table II - Promoter & Promoter Group), as at 2026-06-30"
INFY,Infosys Limited,S Gopalakrishnan,Promoter,31853808,,,,,filing (token+numeric),high,IN,,,,"SEBI LODR Reg 31 shareholding pattern (Table II - Promoter & Promoter Group), as at 2026-06-30"
INFY,Infosys Limited,Meghana Gopalakrishnan,Promoter,14834928,,,,,filing (token+numeric),high,IN,,,,"SEBI LODR Reg 31 shareholding pattern (Table II - Promoter & Promoter Group), as at 2026-06-30"
INFY,Infosys Limited,Narayana Murthy,Promoter,15145638,,,,,filing (token+numeric),high,IN,,,,"SEBI LODR Reg 31 shareholding pattern (Table II - Promoter & Promoter Group), as at 2026-06-30"
INFY,Infosys Limited,Nihar Nilekani,Promoter,12677752,,,,,filing (token+numeric),high,IN,,,,"SEBI LODR Reg 31 shareholding pattern (Table II - Promoter & Promoter Group), as at 2026-06-30"
INFY,Infosys Limited,Janhavi Nilekani,Promoter,8589721,,,,,filing (token+numeric),high,IN,,,,"SEBI LODR Reg 31 shareholding pattern (Table II - Promoter & Promoter Group), as at 2026-06-30"
INFY,Infosys Limited,Shruti Shibulal,Promoter,8705651,,,,,filing (token+numeric),high,IN,,,,"SEBI LODR Reg 31 shareholding pattern (Table II - Promoter & Promoter Group), as at 2026-06-30"
INFY,Infosys Limited,Deeksha Dinesh,Promoter,7646684,,,,,filing (token+numeric),high,IN,,,,"SEBI LODR Reg 31 shareholding pattern (Table II - Promoter & Promoter Group), as at 2026-06-30"
INFY,Infosys Limited,Divya Dinesh,Promoter,7646684,,,,,filing (token+numeric),high,IN,,,,"SEBI LODR Reg 31 shareholding pattern (Table II - Promoter & Promoter Group), as at 2026-06-30"
INFY,Infosys Limited,Milan Shibulal Manchanda,Promoter,6106302,,,,,filing (token+numeric),high,IN,,,,"SEBI LODR Reg 31 shareholding pattern (Table II - Promoter & Promoter Group), as at 2026-06-30"
INFY,Infosys Limited,Nikita Shibulal Manchanda,Promoter,6106302,,,,,filing (token+numeric),high,IN,,,,"SEBI LODR Reg 31 shareholding pattern (Table II - Promoter & Promoter Group), as at 2026-06-30"
INFY,Infosys Limited,Gaurav Manchanda,Promoter,5773233,,,,,filing (token+numeric),high,IN,,,,"SEBI LODR Reg 31 shareholding pattern (Table II - Promoter & Promoter Group), as at 2026-06-30"
INFY,Infosys Limited,S D Shibulal,Promoter,5208673,,,,,filing (token+numeric),high,IN,,,,"SEBI LODR Reg 31 shareholding pattern (Table II - Promoter & Promoter Group), as at 2026-06-30"
INFY,Infosys Limited,Kumari Shibulal,Promoter,4945935,,,,,filing (token+numeric),high,IN,,,,"SEBI LODR Reg 31 shareholding pattern (Table II - Promoter & Promoter Group), as at 2026-06-30"
INFY,Infosys Limited,Tanush Nilekani Chandra,Promoter,3356017,,,,,filing (token+numeric),high,IN,,,,"SEBI LODR Reg 31 shareholding pattern (Table II - Promoter & Promoter Group), as at 2026-06-30"
INFY,Infosys Limited,Ekagrah Rohan Murty,Promoter,1500000,,,,,filing (token+numeric),high,IN,,,,"SEBI LODR Reg 31 shareholding pattern (Table II - Promoter & Promoter Group), as at 2026-06-30"
INFY,Infosys Limited,Shray Chandra,Promoter,719424,,,,,filing (token+numeric),high,IN,,,,"SEBI LODR Reg 31 shareholding pattern (Table II - Promoter & Promoter Group), as at 2026-06-30"
INFY,Infosys Limited,Life Insurance Corporation of India - ULIF00220091,Domestic Insurance,438775372,,,,,rule:indian-insurer-scheme,high,IN,insurer,insurance_float,,matched by deterministic name rule
INFY,Infosys Limited,ICICI Prudential Mutual Fund,Domestic AMC,184057994,,,,,rule:amc+india,high,IN,asset_manager,managed_funds,,matched by deterministic name rule
INFY,Infosys Limited,SBI Mutual Fund,Domestic AMC,163266157,,,,,rule:amc+india,high,IN,asset_manager,managed_funds,,matched by deterministic name rule
INFY,Infosys Limited,National Pension System Trust,Domestic Pension Fund,119748645,,,,,rule:indian-pension-scheme,high,IN,pension_fund,pension_assets,,matched by deterministic name rule
INFY,Infosys Limited,Nippon Life India Trustee,Domestic Insurance,82365727,,,,,rule:insurance+india,high,IN,insurer,insurance_float,,matched by deterministic name rule
INFY,Infosys Limited,HDFC Mutual Fund,Domestic AMC,70607911,,,,,rule:amc+india,high,IN,asset_manager,managed_funds,,matched by deterministic name rule
INFY,Infosys Limited,UTI Mutual Fund,Domestic AMC,64677781,,,,,rule:amc+india,high,IN,asset_manager,managed_funds,,matched by deterministic name rule
INFY,Infosys Limited,Vanguard Total International Stock Index Fund,Foreign AMC,49872777,,,,,web,high,US,asset_manager,managed_funds,,https://sec.gov/Archives/edgar/data/736054/000168386322001087/f11043d1.htm
INFY,Infosys Limited,SBI Life Insurance Co. Ltd,Domestic Insurance,48903820,,,,,rule:insurance+india,high,IN,insurer,insurance_float,,matched by deterministic name rule
INFY,Infosys Limited,Vanguard Emerging Markets Stock Index Fund,Foreign AMC,47240496,,,,,rule:foreign-fund-house,medium,,asset_manager,managed_funds,REVIEW,matched by deterministic name rule
INFY,Infosys Limited,Parag Parikh Mutual Fund,Domestic AMC,42161076,,,,,rule:indian-fund-scheme,high,IN,asset_manager,managed_funds,,matched by deterministic name rule
ITC,ITC Limited,SBI Mutual Funds,Domestic AMC,,,411952887,,,rule:amc+india,high,IN,asset_manager,managed_funds,,matched by deterministic name rule
ITC,ITC Limited,ICICI Prudential Mutual Funds,Domestic AMC,,,388251802,,,rule:amc+india,high,IN,asset_manager,managed_funds,,matched by deterministic name rule
ITC,ITC Limited,Nippon Life india Trustee Mutual Funds,Domestic AMC,,,180914514,,,rule:amc+india,high,IN,asset_manager,managed_funds,,matched by deterministic name rule
ITC,ITC Limited,UTI Mutual Funds,Domestic AMC,,,173282184,,,rule:amc+india,high,IN,asset_manager,managed_funds,,matched by deterministic name rule
ITC,ITC Limited,Parag Parikh Flexi Cap Mutual Funds,Domestic AMC,,,158616643,,,rule:indian-fund-scheme,high,IN,asset_manager,managed_funds,,matched by deterministic name rule
ITC,ITC Limited,Mirae Asset Mutual Funds,Domestic AMC,,,135548063,,,rule:indian-fund-scheme,high,IN,asset_manager,managed_funds,,matched by deterministic name rule
ITC,ITC Limited,Life Insurance Corporation of India,Domestic Insurance,,,1965797370,,,rule:insurance+india,high,IN,insurer,insurance_float,,matched by deterministic name rule
ITC,ITC Limited,General Insurance Corporation of India,Domestic Insurance,,,217085508,,,rule:insurance+india,high,IN,insurer,insurance_float,,matched by deterministic name rule
ITC,ITC Limited,The New India Assurance Company Limited,Domestic Insurance,,,180822832,,,rule:insurance+india,high,IN,insurer,insurance_float,,matched by deterministic name rule
ITC,ITC Limited,NPS Trust (various Pension Funds),Domestic Pension Fund,,,202305296,,,rule:indian-pension-scheme,high,IN,pension_fund,pension_assets,,matched by deterministic name rule
ITC,ITC Limited,Specified Undertaking of the Unit Trust of India,Government,,,974531427,,,rule:indian-state-entity,high,IN,sovereign_wealth_fund,sovereign_assets,,matched by deterministic name rule
ITC,ITC Limited,Tobacco Manufacturers (India) Limited,Foreign corporate,,,2228495863,,,web,high,IM,operating_company,operating_company_treasury,,https://sec.gov/Archives/edgar/data/1303523/000130352326000017/a2025fy-ex8xsubsidiariesun.htm
ITC,ITC Limited,Myddleton Investment Company Limited,Foreign corporate,,,486311940,,,web,high,GB,operating_company,own_balance_sheet,,https://bat.com/content/dam/batcom/global/main-nav/investors-and-reporting/reporting/combined-annual-and-esg-report/previous-annual-reporting/uk-company-reporting/Myddleton_Investment_Company_Limited_-_Annual_Report_2022.pdf
ITC,ITC Limited,Rothmans International Enterprises Limited,Foreign corporate,,,154954890,,,web,high,GB,operating_company,operating_company_treasury,,https://bat.com/content/dam/batcom/global/main-nav/investors-and-reporting/reporting/combined-annual-and-esg-report/previous-annual-reporting/uk-company-reporting/Rothmans_International_Enterprises_Limited_-_Annual_Report_2024.pdf
ITC,ITC Limited,GQG Partners Emerging Markets Equity Fund,Foreign AMC,,,223800530,,,web,high,US,asset_manager,managed_funds,,https://sec.gov/Archives/edgar/data/1593547/000119312520267112/d87085dncsr.htm
ITC,ITC Limited,Goldman Sachs Trust II-Goldman Sachs GQG Partners International Opportunities Fund,Foreign AMC,,,177285000,,,web,high,US,asset_manager,managed_funds,,https://sec.gov/Archives/edgar/data/1557156/000119312516793306/d174361d497.htm
JIOFIN,Jio Financial Services Limited,K D Ambani,Promoter,15741322,,,,,filing (token+numeric),high,IN,,,,"SEBI LODR Reg 31 shareholding pattern (Table II - Promoter & Promoter Group), as at 2026-06-30"
JIOFIN,Jio Financial Services Limited,Anant M Ambani,Promoter,8052021,,,,,filing (token+numeric),high,IN,,,,"SEBI LODR Reg 31 shareholding pattern (Table II - Promoter & Promoter Group), as at 2026-06-30"
JIOFIN,Jio Financial Services Limited,Isha M Ambani,Promoter,8052021,,,,,filing (token+numeric),high,IN,,,,"SEBI LODR Reg 31 shareholding pattern (Table II - Promoter & Promoter Group), as at 2026-06-30"
JIOFIN,Jio Financial Services Limited,Mukesh D Ambani,Promoter,8052020,,,,,filing (token+numeric),high,IN,,,,"SEBI LODR Reg 31 shareholding pattern (Table II - Promoter & Promoter Group), as at 2026-06-30"
JIOFIN,Jio Financial Services Limited,Nita M Ambani,Promoter,8052021,,,,,filing (token+numeric),high,IN,,,,"SEBI LODR Reg 31 shareholding pattern (Table II - Promoter & Promoter Group), as at 2026-06-30"
JIOFIN,Jio Financial Services Limited,Akash M Ambani,Promoter,8052021,,,,,filing (token+numeric),high,IN,,,,"SEBI LODR Reg 31 shareholding pattern (Table II - Promoter & Promoter Group), as at 2026-06-30"
JIOFIN,Jio Financial Services Limited,Srichakra Commercials LLP,Promoter,739599829,,,,,filing (token+numeric),high,IN,,,,"SEBI LODR Reg 31 shareholding pattern (Table II - Promoter & Promoter Group), as at 2026-06-30"
JIOFIN,Jio Financial Services Limited,Karuna Commercials LLP,Promoter,545569460,,,,,filing (token+numeric),high,IN,,,,"SEBI LODR Reg 31 shareholding pattern (Table II - Promoter & Promoter Group), as at 2026-06-30"
JIOFIN,Jio Financial Services Limited,Tattvam Enterprises LLP,Promoter,545569460,,,,,filing (token+numeric),high,IN,,,,"SEBI LODR Reg 31 shareholding pattern (Table II - Promoter & Promoter Group), as at 2026-06-30"
JIOFIN,Jio Financial Services Limited,Devarshi Commercials LLP,Promoter,545569460,,,,,filing (token+numeric),high,IN,,,,"SEBI LODR Reg 31 shareholding pattern (Table II - Promoter & Promoter Group), as at 2026-06-30"
JIOFIN,Jio Financial Services Limited,Jamnagar Utilities And Power Private Limited,Promoter,253464144,,,,,filing (token+numeric),high,IN,,,,"SEBI LODR Reg 31 shareholding pattern (Table II - Promoter & Promoter Group), as at 2026-06-30"
JIOFIN,Jio Financial Services Limited,Sikka Ports & Terminals Limited,Promoter,193500000,,,,,filing (token+numeric),high,IN,,,,"SEBI LODR Reg 31 shareholding pattern (Table II - Promoter & Promoter Group), as at 2026-06-30"
JIOFIN,Jio Financial Services Limited,Reliance Industries Holding Private Ltd,Promoter,191015071,,,,,filing (token+numeric),high,IN,,,,"SEBI LODR Reg 31 shareholding pattern (Table II - Promoter & Promoter Group), as at 2026-06-30"
JIOFIN,Jio Financial Services Limited,Samarjit Enterprises LLP,Promoter,124625274,,,,,filing (token+numeric),high,IN,,,,"SEBI LODR Reg 31 shareholding pattern (Table II - Promoter & Promoter Group), as at 2026-06-30"
JIOFIN,Jio Financial Services Limited,Shreeji Comtrade LLP,Promoter,14337965,,,,,filing (token+numeric),high,IN,,,,"SEBI LODR Reg 31 shareholding pattern (Table II - Promoter & Promoter Group), as at 2026-06-30"
JIOFIN,Jio Financial Services Limited,Shrikrishna Tradecom LLP,Promoter,14337965,,,,,filing (token+numeric),high,IN,,,,"SEBI LODR Reg 31 shareholding pattern (Table II - Promoter & Promoter Group), as at 2026-06-30"
JIOFIN,Jio Financial Services Limited,Svar Enterprises LLP,Promoter,13589367,,,,,filing (token+numeric),high,IN,,,,"SEBI LODR Reg 31 shareholding pattern (Table II - Promoter & Promoter Group), as at 2026-06-30"
JIOFIN,Jio Financial Services Limited,Reliance Welfare Association,Promoter,5344997,,,,,filing (token+numeric),high,IN,,,,"SEBI LODR Reg 31 shareholding pattern (Table II - Promoter & Promoter Group), as at 2026-06-30"
JIOFIN,Jio Financial Services Limited,Vasuprada Enterprises LLP,Promoter,1315925,,,,,filing (token+numeric),high,IN,,,,"SEBI LODR Reg 31 shareholding pattern (Table II - Promoter & Promoter Group), as at 2026-06-30"
JIOFIN,Jio Financial Services Limited,Kamalakar Enterprises LLP,Promoter,213,,,,,filing (token+numeric),high,IN,,,,"SEBI LODR Reg 31 shareholding pattern (Table II - Promoter & Promoter Group), as at 2026-06-30"
JIOFIN,Jio Financial Services Limited,Kankhal Trading LLP,Promoter,215,,,,,filing (token+numeric),high,IN,,,,"SEBI LODR Reg 31 shareholding pattern (Table II - Promoter & Promoter Group), as at 2026-06-30"
JIOFIN,Jio Financial Services Limited,Narahari Enterprises LLP,Promoter,213,,,,,filing (token+numeric),high,IN,,,,"SEBI LODR Reg 31 shareholding pattern (Table II - Promoter & Promoter Group), as at 2026-06-30"
JIOFIN,Jio Financial Services Limited,Neutron Enterprises Private Limited,Promoter,1849,,,,,filing (token+numeric),high,IN,,,,"SEBI LODR Reg 31 shareholding pattern (Table II - Promoter & Promoter Group), as at 2026-06-30"
JIOFIN,Jio Financial Services Limited,Pavana Enterprises LLP,Promoter,215,,,,,filing (token+numeric),high,IN,,,,"SEBI LODR Reg 31 shareholding pattern (Table II - Promoter & Promoter Group), as at 2026-06-30"
JIOFIN,Jio Financial Services Limited,Pinakin Commercials Private Limited,Promoter,108,,,,,filing (token+numeric),high,IN,,,,"SEBI LODR Reg 31 shareholding pattern (Table II - Promoter & Promoter Group), as at 2026-06-30"
JIOFIN,Jio Financial Services Limited,Pitambar Enterprises LLP,Promoter,215,,,,,filing (token+numeric),high,IN,,,,"SEBI LODR Reg 31 shareholding pattern (Table II - Promoter & Promoter Group), as at 2026-06-30"
JIOFIN,Jio Financial Services Limited,Rishikesh Enterprises LLP,Promoter,215,,,,,filing (token+numeric),high,IN,,,,"SEBI LODR Reg 31 shareholding pattern (Table II - Promoter & Promoter Group), as at 2026-06-30"
JIOFIN,Jio Financial Services Limited,Shripal Enterprises LLP,Promoter,216,,,,,filing (token+numeric),high,IN,,,,"SEBI LODR Reg 31 shareholding pattern (Table II - Promoter & Promoter Group), as at 2026-06-30"
JIOFIN,Jio Financial Services Limited,Bhuvanesh Enterprises LLP,Promoter,215,,,,,filing (token+numeric),high,IN,,,,"SEBI LODR Reg 31 shareholding pattern (Table II - Promoter & Promoter Group), as at 2026-06-30"
JIOFIN,Jio Financial Services Limited,Taran Enterprises LLP,Promoter,215,,,,,filing (token+numeric),high,IN,,,,"SEBI LODR Reg 31 shareholding pattern (Table II - Promoter & Promoter Group), as at 2026-06-30"
JIOFIN,Jio Financial Services Limited,Trilokesh Commercials LLP,Promoter,215,,,,,filing (token+numeric),high,IN,,,,"SEBI LODR Reg 31 shareholding pattern (Table II - Promoter & Promoter Group), as at 2026-06-30"
JIOFIN,Jio Financial Services Limited,Vishatan Enterprises LLP,Promoter,216,,,,,filing (token+numeric),high,IN,,,,"SEBI LODR Reg 31 shareholding pattern (Table II - Promoter & Promoter Group), as at 2026-06-30"
JIOFIN,Jio Financial Services Limited,Janardan Commercials LLP,Promoter,216,,,,,filing (token+numeric),high,IN,,,,"SEBI LODR Reg 31 shareholding pattern (Table II - Promoter & Promoter Group), as at 2026-06-30"
JIOFIN,Jio Financial Services Limited,Harinarayan Enterprises LLP,Promoter,216,,,,,filing (token+numeric),high,IN,,,,"SEBI LODR Reg 31 shareholding pattern (Table II - Promoter & Promoter Group), as at 2026-06-30"
JIOFIN,Jio Financial Services Limited,Futura Commercials Private Limited,Promoter,1814,,,,,filing (token+numeric),high,IN,,,,"SEBI LODR Reg 31 shareholding pattern (Table II - Promoter & Promoter Group), as at 2026-06-30"
JIOFIN,Jio Financial Services Limited,Exotic Officeinfra Private Limited,Promoter,27674,,,,,filing (token+numeric),high,IN,,,,"SEBI LODR Reg 31 shareholding pattern (Table II - Promoter & Promoter Group), as at 2026-06-30"
JIOFIN,Jio Financial Services Limited,Elakshi Commercials Private Limited,Promoter,108,,,,,filing (token+numeric),high,IN,,,,"SEBI LODR Reg 31 shareholding pattern (Table II - Promoter & Promoter Group), as at 2026-06-30"
JIOFIN,Jio Financial Services Limited,Chhatrabhuj Enterprises LLP,Promoter,216,,,,,filing (token+numeric),high,IN,,,,"SEBI LODR Reg 31 shareholding pattern (Table II - Promoter & Promoter Group), as at 2026-06-30"
JIOFIN,Jio Financial Services Limited,Chakresh Enterprises LLP,Promoter,216,,,,,filing (token+numeric),high,IN,,,,"SEBI LODR Reg 31 shareholding pattern (Table II - Promoter & Promoter Group), as at 2026-06-30"
JIOFIN,Jio Financial Services Limited,Chakradhar Commercials LLP,Promoter,216,,,,,filing (token+numeric),high,IN,,,,"SEBI LODR Reg 31 shareholding pattern (Table II - Promoter & Promoter Group), as at 2026-06-30"
JIOFIN,Jio Financial Services Limited,Chakradev Enterprises LLP,Promoter,216,,,,,filing (token+numeric),high,IN,,,,"SEBI LODR Reg 31 shareholding pattern (Table II - Promoter & Promoter Group), as at 2026-06-30"
JIOFIN,Jio Financial Services Limited,Carat Holdings And Trading Co Pvt Ltd,Promoter,10951,,,,,filing (token+numeric),high,IN,,,,"SEBI LODR Reg 31 shareholding pattern (Table II - Promoter & Promoter Group), as at 2026-06-30"
JIOFIN,Jio Financial Services Limited,Badri Commercials LLP,Promoter,215,,,,,filing (token+numeric),high,IN,,,,"SEBI LODR Reg 31 shareholding pattern (Table II - Promoter & Promoter Group), as at 2026-06-30"
JIOFIN,Jio Financial Services Limited,Ajitesh Enterprises LLP,Promoter,215,,,,,filing (token+numeric),high,IN,,,,"SEBI LODR Reg 31 shareholding pattern (Table II - Promoter & Promoter Group), as at 2026-06-30"
JIOFIN,Jio Financial Services Limited,Adisesh Enterprises LLP,Promoter,215,,,,,filing (token+numeric),high,IN,,,,"SEBI LODR Reg 31 shareholding pattern (Table II - Promoter & Promoter Group), as at 2026-06-30"
JIOFIN,Jio Financial Services Limited,Abhayaprada Enterprises LLP,Promoter,215,,,,,filing (token+numeric),high,IN,,,,"SEBI LODR Reg 31 shareholding pattern (Table II - Promoter & Promoter Group), as at 2026-06-30"
JIOFIN,Jio Financial Services Limited,SBI Mutual Funds,Domestic AMC,83191090,,,,,rule:amc+india,high,IN,asset_manager,managed_funds,,matched by deterministic name rule
JIOFIN,Jio Financial Services Limited,Life Insurance Corporation of India,Domestic Insurance,453797523,,,,,rule:insurance+india,high,IN,insurer,insurance_float,,matched by deterministic name rule
JSWSTEEL,JSW Steel Limited,Tanvi Shete,Promoter,4963630,,,,,filing (token+numeric),high,IN,,,,"SEBI LODR Reg 31 shareholding pattern (Table II - Promoter & Promoter Group), as at 2026-06-30"
JSWSTEEL,JSW Steel Limited,Tarini Jindal Handa,Promoter,4993890,,,,,filing (token+numeric),high,IN,,,,"SEBI LODR Reg 31 shareholding pattern (Table II - Promoter & Promoter Group), as at 2026-06-30"
JSWSTEEL,JSW Steel Limited,Parth Jindal,Promoter,1770000,,,,,filing (token+numeric),high,IN,,,,"SEBI LODR Reg 31 shareholding pattern (Table II - Promoter & Promoter Group), as at 2026-06-30"
JSWSTEEL,JSW Steel Limited,Seema Jajodia,Promoter,1441650,,,,,filing (token+numeric),high,IN,,,,"SEBI LODR Reg 31 shareholding pattern (Table II - Promoter & Promoter Group), as at 2026-06-30"
JSWSTEEL,JSW Steel Limited,Deepika Jindal,Promoter,148650,,,,,filing (token+numeric),high,IN,,,,"SEBI LODR Reg 31 shareholding pattern (Table II - Promoter & Promoter Group), as at 2026-06-30"
JSWSTEEL,JSW Steel Limited,Nirmala Goel,Promoter,173000,,,,,filing (token+numeric),high,IN,,,,"SEBI LODR Reg 31 shareholding pattern (Table II - Promoter & Promoter Group), as at 2026-06-30"
JSWSTEEL,JSW Steel Limited,Saroj Bhartia,Promoter,237827,,,,,filing (token+numeric),high,IN,,,,"SEBI LODR Reg 31 shareholding pattern (Table II - Promoter & Promoter Group), as at 2026-06-30"
JSWSTEEL,JSW Steel Limited,Urmila Bhuwalka,Promoter,300000,,,,,filing (token+numeric),high,IN,,,,"SEBI LODR Reg 31 shareholding pattern (Table II - Promoter & Promoter Group), as at 2026-06-30"
JSWSTEEL,JSW Steel Limited,Saket Kanoria,Promoter,7600,,,,,filing (token+numeric),high,IN,,,,"SEBI LODR Reg 31 shareholding pattern (Table II - Promoter & Promoter Group), as at 2026-06-30"
JSWSTEEL,JSW Steel Limited,Urmila Kailashkumar Kanoria,Promoter,110000,,,,,filing (token+numeric),high,IN,,,,"SEBI LODR Reg 31 shareholding pattern (Table II - Promoter & Promoter Group), as at 2026-06-30"
JSWSTEEL,JSW Steel Limited,Tripti Jindal Arya,Promoter,50660,,,,,filing (token+numeric),high,IN,,,,"SEBI LODR Reg 31 shareholding pattern (Table II - Promoter & Promoter Group), as at 2026-06-30"
JSWSTEEL,JSW Steel Limited,Sminu Jindal,Promoter,55970,,,,,filing (token+numeric),high,IN,,,,"SEBI LODR Reg 31 shareholding pattern (Table II - Promoter & Promoter Group), as at 2026-06-30"
JSWSTEEL,JSW Steel Limited,Savitri Devi Jindal,Promoter,75300,,,,,filing (token+numeric),high,IN,,,,"SEBI LODR Reg 31 shareholding pattern (Table II - Promoter & Promoter Group), as at 2026-06-30"
JSWSTEEL,JSW Steel Limited,Sangita Jindal,Promoter,1000,,,,,filing (token+numeric),high,IN,,,,"SEBI LODR Reg 31 shareholding pattern (Table II - Promoter & Promoter Group), as at 2026-06-30"
JSWSTEEL,JSW Steel Limited,S K Jindal And Sons HUF,Promoter,58000,,,,,filing (token+numeric),high,IN,,,,"SEBI LODR Reg 31 shareholding pattern (Table II - Promoter & Promoter Group), as at 2026-06-30"
JSWSTEEL,JSW Steel Limited,P R Jindal HUF,Promoter,45550,,,,,filing (token+numeric),high,IN,,,,"SEBI LODR Reg 31 shareholding pattern (Table II - Promoter & Promoter Group), as at 2026-06-30"
JSWSTEEL,JSW Steel Limited,Naveen Jindal HUF,Promoter,27790,,,,,filing (token+numeric),high,IN,,,,"SEBI LODR Reg 31 shareholding pattern (Table II - Promoter & Promoter Group), as at 2026-06-30"
JSWSTEEL,JSW Steel Limited,Naveen Jindal,Promoter,27200,,,,,filing (token+numeric),high,IN,,,,"SEBI LODR Reg 31 shareholding pattern (Table II - Promoter & Promoter Group), as at 2026-06-30"
JSWSTEEL,JSW Steel Limited,Arti Jindal,Promoter,10,,,,,filing (token+numeric),high,IN,,,,"SEBI LODR Reg 31 shareholding pattern (Table II - Promoter & Promoter Group), as at 2026-06-30"
JSWSTEEL,JSW Steel Limited,Sajjan Jindal,Promoter,31000,,,,,filing (token+numeric),high,IN,,,,"SEBI LODR Reg 31 shareholding pattern (Table II - Promoter & Promoter Group), as at 2026-06-30"
JSWSTEEL,JSW Steel Limited,Aiyush Bhuwalka,Promoter,10000,,,,,filing (token+numeric),high,IN,,,,"SEBI LODR Reg 31 shareholding pattern (Table II - Promoter & Promoter Group), as at 2026-06-30"
JSWSTEEL,JSW Steel Limited,Karnataka State Industrial & Infrastructure Development Corporation,Promoter,9079520,,,,,filing (token+numeric),high,IN,,,,"SEBI LODR Reg 31 shareholding pattern (Table II - Promoter & Promoter Group), as at 2026-06-30"
JSWSTEEL,JSW Steel Limited,JSW Techno Projects Management Ltd,Promoter,264605920,,,,,filing (token+numeric),high,IN,,,,"SEBI LODR Reg 31 shareholding pattern (Table II - Promoter & Promoter Group), as at 2026-06-30"
JSWSTEEL,JSW Steel Limited,JSW Holdings Limited,Promoter,181402230,,,,,filing (token+numeric),high,IN,,,,"SEBI LODR Reg 31 shareholding pattern (Table II - Promoter & Promoter Group), as at 2026-06-30"
JSWSTEEL,JSW Steel Limited,Vividh Finvest Private Limited,Promoter,143370690,,,,,filing (token+numeric),high,IN,,,,"SEBI LODR Reg 31 shareholding pattern (Table II - Promoter & Promoter Group), as at 2026-06-30"
JSWSTEEL,JSW Steel Limited,Sahyog Holdings Private Limited,Promoter,112067860,,,,,filing (token+numeric),high,IN,,,,"SEBI LODR Reg 31 shareholding pattern (Table II - Promoter & Promoter Group), as at 2026-06-30"
JSWSTEEL,JSW Steel Limited,Siddeshwari Tradex Private Limited,Promoter,84550760,,,,,filing (token+numeric),high,IN,,,,"SEBI LODR Reg 31 shareholding pattern (Table II - Promoter & Promoter Group), as at 2026-06-30"
JSWSTEEL,JSW Steel Limited,JTPM Metal Traders Limited,Promoter,83267143,,,,,filing (token+numeric),high,IN,,,,"SEBI LODR Reg 31 shareholding pattern (Table II - Promoter & Promoter Group), as at 2026-06-30"
JSWSTEEL,JSW Steel Limited,Virtuous Tradecorp Private Limited,Promoter,60368250,,,,,filing (token+numeric),high,IN,,,,"SEBI LODR Reg 31 shareholding pattern (Table II - Promoter & Promoter Group), as at 2026-06-30"
JSWSTEEL,JSW Steel Limited,Nalwa Sons Investments Ltd,Promoter,45486370,,,,,filing (token+numeric),high,IN,,,,"SEBI LODR Reg 31 shareholding pattern (Table II - Promoter & Promoter Group), as at 2026-06-30"
JSWSTEEL,JSW Steel Limited,JSW Energy Limited,Promoter,45038350,,,,,filing (token+numeric),high,IN,,,,"SEBI LODR Reg 31 shareholding pattern (Table II - Promoter & Promoter Group), as at 2026-06-30"
JSWSTEEL,JSW Steel Limited,JSL Overseas Limited,Promoter,21026090,,,,,filing (token+numeric),high,IN,,,,"SEBI LODR Reg 31 shareholding pattern (Table II - Promoter & Promoter Group), as at 2026-06-30"
JSWSTEEL,JSW Steel Limited,Nacho Investments Limited,Promoter,4207380,,,,,filing (token+numeric),high,IN,,,,"SEBI LODR Reg 31 shareholding pattern (Table II - Promoter & Promoter Group), as at 2026-06-30"
JSWSTEEL,JSW Steel Limited,Mendeza Holdings Limited,Promoter,4218090,,,,,filing (token+numeric),high,IN,,,,"SEBI LODR Reg 31 shareholding pattern (Table II - Promoter & Promoter Group), as at 2026-06-30"
JSWSTEEL,JSW Steel Limited,Estrela Investment Company Limited,Promoter,4160070,,,,,filing (token+numeric),high,IN,,,,"SEBI LODR Reg 31 shareholding pattern (Table II - Promoter & Promoter Group), as at 2026-06-30"
JSWSTEEL,JSW Steel Limited,Beaufield Holdings Limited,Promoter,4227970,,,,,filing (token+numeric),high,IN,,,,"SEBI LODR Reg 31 shareholding pattern (Table II - Promoter & Promoter Group), as at 2026-06-30"
JSWSTEEL,JSW Steel Limited,Sajjan Jindal (Sangita Jindal Family Trust),Promoter,1060100,,,,,filing (token+numeric),high,IN,,,,"SEBI LODR Reg 31 shareholding pattern (Table II - Promoter & Promoter Group), as at 2026-06-30"
JSWSTEEL,JSW Steel Limited,Prj Family Management Company Private Limited,Promoter,312120,,,,,filing (token+numeric),high,IN,,,,"SEBI LODR Reg 31 shareholding pattern (Table II - Promoter & Promoter Group), as at 2026-06-30"
JSWSTEEL,JSW Steel Limited,Sajjan Jindal (Tarini Jindal Family Trust),Promoter,100,,,,,filing (token+numeric),high,IN,,,,"SEBI LODR Reg 31 shareholding pattern (Table II - Promoter & Promoter Group), as at 2026-06-30"
JSWSTEEL,JSW Steel Limited,South West Mining Limited,Promoter,61300,,,,,filing (token+numeric),high,IN,,,,"SEBI LODR Reg 31 shareholding pattern (Table II - Promoter & Promoter Group), as at 2026-06-30"
JSWSTEEL,JSW Steel Limited,Sajjan Jindal (Tanvi Jindal Family Trust),Promoter,100,,,,,filing (token+numeric),high,IN,,,,"SEBI LODR Reg 31 shareholding pattern (Table II - Promoter & Promoter Group), as at 2026-06-30"
JSWSTEEL,JSW Steel Limited,Sajjan Jindal (Sajjan Jindal Lineage Trust),Promoter,100,,,,,filing (token+numeric),high,IN,,,,"SEBI LODR Reg 31 shareholding pattern (Table II - Promoter & Promoter Group), as at 2026-06-30"
JSWSTEEL,JSW Steel Limited,Sajjan Jindal (Sajjan Jindal Family Trust),Promoter,100,,,,,filing (token+numeric),high,IN,,,,"SEBI LODR Reg 31 shareholding pattern (Table II - Promoter & Promoter Group), as at 2026-06-30"
JSWSTEEL,JSW Steel Limited,Sajjan Jindal (Parth Jindal Family Trust),Promoter,100,,,,,filing (token+numeric),high,IN,,,,"SEBI LODR Reg 31 shareholding pattern (Table II - Promoter & Promoter Group), as at 2026-06-30"
JSWSTEEL,JSW Steel Limited,Rohit Tower Building Ltd,Promoter,90,,,,,filing (token+numeric),high,IN,,,,"SEBI LODR Reg 31 shareholding pattern (Table II - Promoter & Promoter Group), as at 2026-06-30"
JSWSTEEL,JSW Steel Limited,Reynold Traders Private Limited,Promoter,1000,,,,,filing (token+numeric),high,IN,,,,"SEBI LODR Reg 31 shareholding pattern (Table II - Promoter & Promoter Group), as at 2026-06-30"
JSWSTEEL,JSW Steel Limited,Narmada Fintrade Private Limited,Promoter,65000,,,,,filing (token+numeric),high,IN,,,,"SEBI LODR Reg 31 shareholding pattern (Table II - Promoter & Promoter Group), as at 2026-06-30"
JSWSTEEL,JSW Steel Limited,JSW Projects Limited,Promoter,21300,,,,,filing (token+numeric),high,IN,,,,"SEBI LODR Reg 31 shareholding pattern (Table II - Promoter & Promoter Group), as at 2026-06-30"
JSWSTEEL,JSW Steel Limited,JSW Investments Private Limited,Promoter,1000,,,,,filing (token+numeric),high,IN,,,,"SEBI LODR Reg 31 shareholding pattern (Table II - Promoter & Promoter Group), as at 2026-06-30"
JSWSTEEL,JSW Steel Limited,Hexa Tradex Limited,Promoter,13620,,,,,filing (token+numeric),high,IN,,,,"SEBI LODR Reg 31 shareholding pattern (Table II - Promoter & Promoter Group), as at 2026-06-30"
JSWSTEEL,JSW Steel Limited,Accuraform Pvt Ltd,Promoter,20800,,,,,filing (token+numeric),high,IN,,,,"SEBI LODR Reg 31 shareholding pattern (Table II - Promoter & Promoter Group), as at 2026-06-30"
JSWSTEEL,JSW Steel Limited,Sarika Jhunjhnuwala,Promoter,41500,,,,,filing (token+numeric),high,IN,,,,"SEBI LODR Reg 31 shareholding pattern (Table II - Promoter & Promoter Group), as at 2026-06-30"
JSWSTEEL,JSW Steel Limited,SBI Arbitrage Opportunities Fund,Domestic AMC,41003306,,,,,rule:indian-fund-scheme,high,IN,asset_manager,managed_funds,,matched by deterministic name rule
JSWSTEEL,JSW Steel Limited,HDFC Trustee Company Limited - HDFC Flexi Cap Fund,Domestic AMC,25612860,,,,,rule:indian-fund-scheme,high,IN,asset_manager,managed_funds,,matched by deterministic name rule
JSWSTEEL,JSW Steel Limited,GQG Partners Emerging Markets Equity Fund,Foreign AMC,24902245,,,,,web,high,US,asset_manager,managed_funds,,https://sec.gov/Archives/edgar/data/1593547/000119312520267112/d87085dncsr.htm
JSWSTEEL,JSW Steel Limited,Life Insurance Corporation of India,Domestic Insurance,120872101,,,,,rule:insurance+india,high,IN,insurer,insurance_float,,matched by deterministic name rule
JSWSTEEL,JSW Steel Limited,JFE Steel International Europe B.V,Foreign corporate,366818095,,,,,web,high,NL,operating_company,operating_company_treasury,,https://lei.jpx.co.jp/lei/en/detail.html?lei=3538004SYEDMHPTGRC96
JSWSTEEL,JSW Steel Limited,Gagandeep Credit Capital Pvt Ltd,Domestic corporate,49550000,,,,,web,high,IN,other,own_balance_sheet,,https://www.thecompanycheck.com/company/gagandeep-credit-capital-private-limited/U65990MH1993PTC073769
JSWSTEEL,JSW Steel Limited,Enam Securities Pvt Ltd,Domestic corporate,27985121,,,,,web,high,IN,broker,own_balance_sheet,,https://indiafilings.com/search/enam-securities-private-limited-cin-u67120mh2005ptc152297
JSWSTEEL,JSW Steel Limited,Shamyak Investment Private Limited,Domestic corporate,26533230,,,,,web,high,IN,operating_company,own_balance_sheet,,https://www.instafinancials.com/company/shamyak-investment-private-limited-u23201mh1983ptc031175/
KOTAKBANK,Kotak Mahindra Bank Limited,Uday Suresh Kotak,Promoter,2555135500,,,,,filing (token+numeric),high,IN,,,,"SEBI LODR Reg 31 shareholding pattern (Table II - Promoter & Promoter Group), as at 2026-06-30"
KOTAKBANK,Kotak Mahindra Bank Limited,Indira Suresh Kotak,Promoter,10000000,,,,,filing (token+numeric),high,IN,,,,"SEBI LODR Reg 31 shareholding pattern (Table II - Promoter & Promoter Group), as at 2026-06-30"
KOTAKBANK,Kotak Mahindra Bank Limited,Pallavi Kotak,Promoter,5557900,,,,,filing (token+numeric),high,IN,,,,"SEBI LODR Reg 31 shareholding pattern (Table II - Promoter & Promoter Group), as at 2026-06-30"
KOTAKBANK,Kotak Mahindra Bank Limited,Suresh A Kotak (HUF),Promoter,550000,,,,,filing (token+numeric),high,IN,,,,"SEBI LODR Reg 31 shareholding pattern (Table II - Promoter & Promoter Group), as at 2026-06-30"
KOTAKBANK,Kotak Mahindra Bank Limited,Suresh Amritlal Kotak,Promoter,500000,,,,,filing (token+numeric),high,IN,,,,"SEBI LODR Reg 31 shareholding pattern (Table II - Promoter & Promoter Group), as at 2026-06-30"
KOTAKBANK,Kotak Mahindra Bank Limited,Janak Dinkarrai Desai,Promoter,5,,,,,filing (token+numeric),high,IN,,,,"SEBI LODR Reg 31 shareholding pattern (Table II - Promoter & Promoter Group), as at 2026-06-30"
KOTAKBANK,Kotak Mahindra Bank Limited,Kotak Trustee Company Private Limited,Promoter,1171780,,,,,filing (token+numeric),high,IN,,,,"SEBI LODR Reg 31 shareholding pattern (Table II - Promoter & Promoter Group), as at 2026-06-30"
KOTAKBANK,Kotak Mahindra Bank Limited,Aarti Neal Chandaria,Promoter,286800,,,,,filing (token+numeric),high,IN,,,,"SEBI LODR Reg 31 shareholding pattern (Table II - Promoter & Promoter Group), as at 2026-06-30"
KOTAKBANK,Kotak Mahindra Bank Limited,Life Insurance Corporation of India,Domestic Insurance,686048175,,,,,rule:insurance+india,high,IN,insurer,insurance_float,,matched by deterministic name rule
KOTAKBANK,Kotak Mahindra Bank Limited,SBI Mutual Fund,Domestic AMC,639029037,,,,,rule:amc+india,high,IN,asset_manager,managed_funds,,matched by deterministic name rule
KOTAKBANK,Kotak Mahindra Bank Limited,HDFC Mutual Fund,Domestic AMC,349582376,,,,,rule:amc+india,high,IN,asset_manager,managed_funds,,matched by deterministic name rule
KOTAKBANK,Kotak Mahindra Bank Limited,ICICI Prudential Mutual Fund,Domestic AMC,294002833,,,,,rule:amc+india,high,IN,asset_manager,managed_funds,,matched by deterministic name rule
KOTAKBANK,Kotak Mahindra Bank Limited,National Pension System Trust,Domestic Pension Fund,227816490,,,,,rule:indian-pension-scheme,high,IN,pension_fund,pension_assets,,matched by deterministic name rule
KOTAKBANK,Kotak Mahindra Bank Limited,UTI Mutual Fund,Domestic AMC,199408544,,,,,rule:amc+india,high,IN,asset_manager,managed_funds,,matched by deterministic name rule
KOTAKBANK,Kotak Mahindra Bank Limited,Parag Parikh Mutual Fund,Domestic AMC,164740127,,,,,rule:indian-fund-scheme,high,IN,asset_manager,managed_funds,,matched by deterministic name rule
KOTAKBANK,Kotak Mahindra Bank Limited,Nippon Life Mutual Fund,Domestic AMC,144419028,,,,,rule:indian-fund-scheme,high,IN,asset_manager,managed_funds,,matched by deterministic name rule
KOTAKBANK,Kotak Mahindra Bank Limited,Government Pension Fund Global,Foreign Government,131586660,,,,,web,high,NO,sovereign_wealth_fund,sovereign_assets,,https://en.wikipedia.org/wiki/Government_Pension_Fund_of_Norway
KOTAKBANK,Kotak Mahindra Bank Limited,SBI Life Insurance Company Limited,Domestic Insurance,104417644,,,,,rule:insurance+india,high,IN,insurer,insurance_float,,matched by deterministic name rule
LT,Larsen & Toubro Limited,SBI MUTUAL FUND,Domestic AMC,63888040,,,,,rule:amc+india,high,IN,asset_manager,managed_funds,,matched by deterministic name rule
LT,Larsen & Toubro Limited,ICICI PRUDENTIAL MUTUAL FUND,Domestic AMC,48751101,,,,,rule:amc+india,high,IN,asset_manager,managed_funds,,matched by deterministic name rule
LT,Larsen & Toubro Limited,HDFC MUTUAL FUND,Domestic AMC,29165638,,,,,rule:amc+india,high,IN,asset_manager,managed_funds,,matched by deterministic name rule
LT,Larsen & Toubro Limited,NIPPON LIFE INDIA TRUSTEE LTD,Domestic Insurance,23009267,,,,,rule:insurance+india,high,IN,insurer,insurance_float,,matched by deterministic name rule
LT,Larsen & Toubro Limited,UTI MUTUAL FUND,Domestic AMC,21520120,,,,,rule:amc+india,high,IN,asset_manager,managed_funds,,matched by deterministic name rule
LT,Larsen & Toubro Limited,LIFE INSURANCE CORPORATION OF INDIA,Domestic Insurance,169241807,,,,,rule:insurance+india,high,IN,insurer,insurance_float,,matched by deterministic name rule
LT,Larsen & Toubro Limited,GENERAL INSURANCE CORPORATION OF INDIA,Domestic Insurance,19990650,,,,,rule:insurance+india,high,IN,insurer,insurance_float,,matched by deterministic name rule
LT,Larsen & Toubro Limited,SBI LIFE INSURANCE CO. LTD,Domestic Insurance,15125714,,,,,rule:insurance+india,high,IN,insurer,insurance_float,,matched by deterministic name rule
LT,Larsen & Toubro Limited,ICICI PRUDENTIAL LIFE INSURANCE COMPANY LIMITED,Domestic Insurance,13878775,,,,,rule:insurance+india,high,IN,insurer,insurance_float,,matched by deterministic name rule
LT,Larsen & Toubro Limited,NPS TRUST A/C UTI PENSION FUND LIMITED,Domestic AMC,47085621,,,,,rule:amc+india,high,IN,asset_manager,managed_funds,,matched by deterministic name rule
LT,Larsen & Toubro Limited,GOVERNMENT OF SINGAPORE,Foreign Government,21502855,,,,,web,high,SG,sovereign_wealth_fund,sovereign_assets,,https://ifswf.org/member-profiles/government-singapore-investment-corporation
LT,Larsen & Toubro Limited,L&T EMPLOYEES TRUST,Domestic corporate,198679507,,,,,web,high,IN,other,own_balance_sheet,,https://sebi.gov.in/sebi-data/docfiles/11754_t.html
M&M,Mahindra & Mahindra Limited,ANAND GOPAL MAHINDRA,Promoter,,,,1430008,,filing (token+numeric),high,IN,,,,"SEBI LODR Reg 31 shareholding pattern (Table II - Promoter & Promoter Group), as at 2025-06-30"
M&M,Mahindra & Mahindra Limited,ANJALI K MAHINDRA,Promoter,,,,172962,,filing (token+numeric),high,IN,,,,"SEBI LODR Reg 31 shareholding pattern (Table II - Promoter & Promoter Group), as at 2025-06-30"
M&M,Mahindra & Mahindra Limited,ANURADHA MAHINDRA,Promoter,,,,457090,,filing (token+numeric),high,IN,,,,"SEBI LODR Reg 31 shareholding pattern (Table II - Promoter & Promoter Group), as at 2025-06-30"
M&M,Mahindra & Mahindra Limited,DEVESHWAR JAGAT SHARMA,Promoter,,,,30000,,filing (token+numeric),high,IN,,,,"SEBI LODR Reg 31 shareholding pattern (Table II - Promoter & Promoter Group), as at 2025-06-30"
M&M,Mahindra & Mahindra Limited,DHRUV S SHARMA,Promoter,,,,30000,,filing (token+numeric),high,IN,,,,"SEBI LODR Reg 31 shareholding pattern (Table II - Promoter & Promoter Group), as at 2025-06-30"
M&M,Mahindra & Mahindra Limited,GAUTAM P KHANDELWAL,Promoter,,,,4600,,filing (token+numeric),high,IN,,,,"SEBI LODR Reg 31 shareholding pattern (Table II - Promoter & Promoter Group), as at 2025-06-30"
M&M,Mahindra & Mahindra Limited,LEENA S LABROO,Promoter,,,,1561166,,filing (token+numeric),high,IN,,,,"SEBI LODR Reg 31 shareholding pattern (Table II - Promoter & Promoter Group), as at 2025-06-30"
M&M,Mahindra & Mahindra Limited,NISHEETA LABROO,Promoter,,,,170500,,filing (token+numeric),high,IN,,,,"SEBI LODR Reg 31 shareholding pattern (Table II - Promoter & Promoter Group), as at 2025-06-30"
M&M,Mahindra & Mahindra Limited,ANEESHA LABROO,Promoter,,,,170000,,filing (token+numeric),high,IN,,,,"SEBI LODR Reg 31 shareholding pattern (Table II - Promoter & Promoter Group), as at 2025-06-30"
M&M,Mahindra & Mahindra Limited,RADHIKA NATH,Promoter,,,,93616,,filing (token+numeric),high,IN,,,,"SEBI LODR Reg 31 shareholding pattern (Table II - Promoter & Promoter Group), as at 2025-06-30"
M&M,Mahindra & Mahindra Limited,SANJAY MOHAN LABROO,Promoter,,,,289440,,filing (token+numeric),high,IN,,,,"SEBI LODR Reg 31 shareholding pattern (Table II - Promoter & Promoter Group), as at 2025-06-30"
M&M,Mahindra & Mahindra Limited,UMA R MALHOTRA,Promoter,,,,1550164,,filing (token+numeric),high,IN,,,,"SEBI LODR Reg 31 shareholding pattern (Table II - Promoter & Promoter Group), as at 2025-06-30"
M&M,Mahindra & Mahindra Limited,ANUJA P SHARMA,Promoter,,,,0,,filing (token),high,IN,,,,"SEBI LODR Reg 31 shareholding pattern (Table II - Promoter & Promoter Group), as at 2025-06-30"
M&M,Mahindra & Mahindra Limited,MARTHAND SINGH MAHINDRA,Promoter,,,,70000,,filing (token+numeric),high,IN,,,,"SEBI LODR Reg 31 shareholding pattern (Table II - Promoter & Promoter Group), as at 2025-06-30"
M&M,Mahindra & Mahindra Limited,KABIR MALHOTRA,Promoter,,,,10000,,filing (token+numeric),high,IN,,,,"SEBI LODR Reg 31 shareholding pattern (Table II - Promoter & Promoter Group), as at 2025-06-30"
M&M,Mahindra & Mahindra Limited,ANJALI MALHOTRA,Promoter,,,,10000,,filing (token+numeric),high,IN,,,,"SEBI LODR Reg 31 shareholding pattern (Table II - Promoter & Promoter Group), as at 2025-06-30"
M&M,Mahindra & Mahindra Limited,DEEPAK VARDE@,Promoter,,,,88720,,filing (token+numeric),high,IN,,,,"SEBI LODR Reg 31 shareholding pattern (Table II - Promoter & Promoter Group), as at 2025-06-30"
M&M,Mahindra & Mahindra Limited,AALIKA NISHITA MAHINDRA,Promoter,,,,0,,filing (token),high,IN,,,,"SEBI LODR Reg 31 shareholding pattern (Table II - Promoter & Promoter Group), as at 2025-06-30"
M&M,Mahindra & Mahindra Limited,DIVYA ANAND MAHINDRA,Promoter,,,,0,,filing (token),high,IN,,,,"SEBI LODR Reg 31 shareholding pattern (Table II - Promoter & Promoter Group), as at 2025-06-30"
M&M,Mahindra & Mahindra Limited,Geeta Premnath Khandelwal,Promoter,,,,0,,filing (token),high,IN,,,,"SEBI LODR Reg 31 shareholding pattern (Table II - Promoter & Promoter Group), as at 2025-06-30"
M&M,Mahindra & Mahindra Limited,Preeti Khandelwal,Promoter,,,,0,,filing (token),high,IN,,,,"SEBI LODR Reg 31 shareholding pattern (Table II - Promoter & Promoter Group), as at 2025-06-30"
M&M,Mahindra & Mahindra Limited,PRUDENTIAL MANAGEMENT & SERVICES PRIVATE LIMITED,Promoter,,,,132221940,,filing (token+numeric),high,IN,,,,"SEBI LODR Reg 31 shareholding pattern (Table II - Promoter & Promoter Group), as at 2025-06-30"
M&M,Mahindra & Mahindra Limited,KEMA SERVICES INTERNATIONAL PVT LTD,Promoter,,,,734832,,filing (token+numeric),high,IN,,,,"SEBI LODR Reg 31 shareholding pattern (Table II - Promoter & Promoter Group), as at 2025-06-30"
M&M,Mahindra & Mahindra Limited,"M&M BENEFIT TRUST (Bharat N Doshi, A.K.Nanda, Anand Mahindra, M.M.Murugappan,Padmini Khare, Haigreve Khaitan, Vikram Singh Mehta & Ranjan Pant - Trustees)",Promoter,,,,84470428,,filing (token+numeric),high,IN,,,,"SEBI LODR Reg 31 shareholding pattern (Table II - Promoter & Promoter Group), as at 2025-06-30"
M&M,Mahindra & Mahindra Limited,"Yuthica Mahindra Family Trust (Uma Malhotra, Leena Labroo & Yuthica Mahindra- Trustees)",Promoter,,,,992638,,filing (token+numeric),high,IN,,,,"SEBI LODR Reg 31 shareholding pattern (Table II - Promoter & Promoter Group), as at 2025-06-30"
M&M,Mahindra & Mahindra Limited,YUTHICA KESHUB MAHINDRA *,Promoter,,,,644744,,filing (token+numeric),high,IN,,,,"SEBI LODR Reg 31 shareholding pattern (Table II - Promoter & Promoter Group), as at 2025-06-30"
M&M,Mahindra & Mahindra Limited,CHETAN VARDE,Promoter,,,,374800,,filing (token+numeric),high,IN,,,,"SEBI LODR Reg 31 shareholding pattern (Table II - Promoter & Promoter Group), as at 2025-06-30"
M&M,Mahindra & Mahindra Limited,SBI NIFTY 50 ETF WITH SUB ACCOUNTS,Domestic AMC,,,,37188730,,rule:indian-fund-scheme,high,IN,asset_manager,managed_funds,,matched by deterministic name rule
M&M,Mahindra & Mahindra Limited,ICICI PRUDENTIAL BLUECHIP FUND WITH SUB ACCOUNTS,Domestic AMC,,,,21594488,,rule:indian-fund-scheme,high,IN,asset_manager,managed_funds,,matched by deterministic name rule
M&M,Mahindra & Mahindra Limited,UTI NIFTY 50 ETF WITH SUB ACCOUNTS,Domestic AMC,,,,15813862,,rule:indian-fund-scheme,high,IN,asset_manager,managed_funds,,matched by deterministic name rule
M&M,Mahindra & Mahindra Limited,NIPPON LIFE INDIA TRUSTEE LTD-A/C NIPPON INDIA ETF NIFTY 50 BEES WITH SUB ACCOUNTS,Domestic Insurance,,,,13656619,,rule:insurance+india,high,IN,insurer,insurance_float,,matched by deterministic name rule
M&M,Mahindra & Mahindra Limited,PARAG PARIKH FLEXI CAP FUND WITH SUB ACCOUNTS,Domestic AMC,,,,13080033,,rule:indian-fund-scheme,high,IN,asset_manager,managed_funds,,matched by deterministic name rule
M&M,Mahindra & Mahindra Limited,HDFC TRUSTEE COMPANY LTD. A/C HDFC BALANCED ADVANTAGE FUND WITH SUB ACCOUNTS,Domestic AMC,,,,12805372,,rule:indian-fund-scheme,high,IN,asset_manager,managed_funds,,matched by deterministic name rule
M&M,Mahindra & Mahindra Limited,AXIS MUTUAL FUND TRUSTEE LIMITED A/C AXIS MUTUAL FUND A/C AXIS LARGE CAP FUND WITH SUB ACCOUNTS,Domestic AMC,,,,12753802,,rule:amc+india,high,IN,asset_manager,managed_funds,,matched by deterministic name rule
M&M,Mahindra & Mahindra Limited,LIFE INSURANCE CORPORATION OF INDIA ALONG WITH ITS SUB ACCOUNTS,Domestic Insurance,,,,103908436,,rule:insurance+india,high,IN,insurer,insurance_float,,matched by deterministic name rule
NTPC,NTPC Limited,President Of India,Promoter,,,,,4955346251,filing (token+numeric),high,IN,,,,"SEBI LODR Reg 31 shareholding pattern (Table II - Promoter & Promoter Group), as at 2025-09-30"
NTPC,NTPC Limited,Cpse Exchange Traded Scheme (cpse Etf),Domestic AMC,,,,,378287954,rule:indian-fund-scheme,high,IN,asset_manager,managed_funds,,matched by deterministic name rule
NTPC,NTPC Limited,Hdfc Trustee Company Ltd. A/c Hdfc Balanced Advantage Fund,Domestic AMC,,,,,156664687,rule:indian-fund-scheme,high,IN,asset_manager,managed_funds,,matched by deterministic name rule
NTPC,NTPC Limited,Icici Prudential Equity & Debt Fund,Domestic AMC,,,,,493526515,rule:indian-fund-scheme,high,IN,asset_manager,managed_funds,,matched by deterministic name rule
NTPC,NTPC Limited,Kotak Arbitrage Fund,Domestic AMC,,,,,102190136,rule:indian-fund-scheme,high,IN,asset_manager,managed_funds,,matched by deterministic name rule
NTPC,NTPC Limited,Sbi Nifty 50 Etf,Domestic AMC,,,,,216099483,rule:indian-fund-scheme,high,IN,asset_manager,managed_funds,,matched by deterministic name rule
NTPC,NTPC Limited,Life Insurance Corporation Of India,Domestic Insurance,,,,,479314529,rule:insurance+india,high,IN,insurer,insurance_float,,matched by deterministic name rule
NTPC,NTPC Limited,Nps Trust- A/c Hdfc Pension Fund Management Limited Scheme E-Tier I,Domestic AMC,,,,,207550566,rule:amc+india,high,IN,asset_manager,managed_funds,,matched by deterministic name rule
NTPC,NTPC Limited,Government Of Singapore,Foreign Government,,,,,197673526,web,high,SG,sovereign_wealth_fund,sovereign_assets,,https://ifswf.org/member-profiles/government-singapore-investment-corporation
ONGC,Oil and Natural Gas Corporation Limited,President of India,Promoter,7408867093,,,,,filing (token+numeric),high,IN,,,,"SEBI LODR Reg 31 shareholding pattern (Table II - Promoter & Promoter Group), as at 2026-06-30"
ONGC,Oil and Natural Gas Corporation Limited,ICICI Prudential Value Fund,Domestic AMC,245088579,,,,,rule:indian-fund-scheme,high,IN,asset_manager,managed_funds,,matched by deterministic name rule
ONGC,Oil and Natural Gas Corporation Limited,SBI Nifty 50 ETF,Domestic AMC,222572017,,,,,rule:indian-fund-scheme,high,IN,asset_manager,managed_funds,,matched by deterministic name rule
ONGC,Oil and Natural Gas Corporation Limited,CPSE Exchange Traded Scheme (CPSE ETF),Domestic AMC,164987025,,,,,rule:indian-fund-scheme,high,IN,asset_manager,managed_funds,,matched by deterministic name rule
ONGC,Oil and Natural Gas Corporation Limited,Life Insurance Corporation Of India,Domestic Insurance,1252140634,,,,,rule:insurance+india,high,IN,insurer,insurance_float,,matched by deterministic name rule
POWERGRID,Power Grid Corporation of India Limited,PRESIDENT OF INDIA,Promoter,4594849080,,,,,filing (token+numeric),high,IN,,,,"SEBI LODR Reg 31 shareholding pattern (Table II - Promoter & Promoter Group), as at 2026-06-30"
POWERGRID,Power Grid Corporation of India Limited,ICICI PRUDENTIAL ESG EXCLUSIONARY STRATEGY FUND,Domestic AMC,124293446,,,,,rule:indian-fund-scheme,high,IN,asset_manager,managed_funds,,matched by deterministic name rule
POWERGRID,Power Grid Corporation of India Limited,HDFC MUTUAL FUND - HDFC BSE 500 ETF,Domestic AMC,164000693,,,,,rule:amc+india,high,IN,asset_manager,managed_funds,,matched by deterministic name rule
POWERGRID,Power Grid Corporation of India Limited,NIPPON LIFE INDIA TRUSTEE LTD-A/C NIPPON INDIA CON,Domestic Insurance,173826129,,,,,rule:insurance+india,high,IN,insurer,insurance_float,,matched by deterministic name rule
POWERGRID,Power Grid Corporation of India Limited,UTI NIFTY 50 INDEX FUND,Domestic AMC,101236594,,,,,rule:indian-fund-scheme,high,IN,asset_manager,managed_funds,,matched by deterministic name rule
POWERGRID,Power Grid Corporation of India Limited,SBI ARBITRAGE OPPORTUNITIES FUND,Domestic AMC,198507686,,,,,rule:indian-fund-scheme,high,IN,asset_manager,managed_funds,,matched by deterministic name rule
POWERGRID,Power Grid Corporation of India Limited,PARAG PARIKH ARBITRAGE FUND,Domestic AMC,330882158,,,,,rule:indian-fund-scheme,high,IN,asset_manager,managed_funds,,matched by deterministic name rule
POWERGRID,Power Grid Corporation of India Limited,GOVERNMENT OF SINGAPORE,Foreign Government,164016397,,,,,web,high,SG,sovereign_wealth_fund,sovereign_assets,,https://ifswf.org/member-profiles/government-singapore-investment-corporation
POWERGRID,Power Grid Corporation of India Limited,LIFE INSURANCE CORPORATION OF INDIA - ULIF00420091,Domestic Insurance,420437004,,,,,rule:insurance+india,high,IN,insurer,insurance_float,,matched by deterministic name rule
POWERGRID,Power Grid Corporation of India Limited,NPS TRUST A/C UTI PENSION FUND LIMITED-SCHEME CENT,Domestic AMC,143363520,,,,,rule:amc+india,high,IN,asset_manager,managed_funds,,matched by deterministic name rule
RELIANCE,RELIANCE INDUSTRIES LTD,K D Ambani,Promoter,31482644,,,,,filing (token+numeric),high,IN,,,,"SEBI LODR Reg 31 shareholding pattern (Table II - Promoter & Promoter Group), as at 2026-06-30"
RELIANCE,RELIANCE INDUSTRIES LTD,Akash M Ambani,Promoter,16104042,,,,,filing (token+numeric),high,IN,,,,"SEBI LODR Reg 31 shareholding pattern (Table II - Promoter & Promoter Group), as at 2026-06-30"
RELIANCE,RELIANCE INDUSTRIES LTD,Anant M Ambani,Promoter,16104042,,,,,filing (token+numeric),high,IN,,,,"SEBI LODR Reg 31 shareholding pattern (Table II - Promoter & Promoter Group), as at 2026-06-30"
RELIANCE,RELIANCE INDUSTRIES LTD,Isha M Ambani,Promoter,16104042,,,,,filing (token+numeric),high,IN,,,,"SEBI LODR Reg 31 shareholding pattern (Table II - Promoter & Promoter Group), as at 2026-06-30"
RELIANCE,RELIANCE INDUSTRIES LTD,Mukesh D Ambani,Promoter,16104040,,,,,filing (token+numeric),high,IN,,,,"SEBI LODR Reg 31 shareholding pattern (Table II - Promoter & Promoter Group), as at 2026-06-30"
RELIANCE,RELIANCE INDUSTRIES LTD,Nita M Ambani,Promoter,16104042,,,,,filing (token+numeric),high,IN,,,,"SEBI LODR Reg 31 shareholding pattern (Table II - Promoter & Promoter Group), as at 2026-06-30"
RELIANCE,RELIANCE INDUSTRIES LTD,Srichakra Commercials LLP,Promoter,1479199658,,,,,filing (token+numeric),high,IN,,,,"SEBI LODR Reg 31 shareholding pattern (Table II - Promoter & Promoter Group), as at 2026-06-30"
RELIANCE,RELIANCE INDUSTRIES LTD,Devarshi Commercials LLP,Promoter,1091138920,,,,,filing (token+numeric),high,IN,,,,"SEBI LODR Reg 31 shareholding pattern (Table II - Promoter & Promoter Group), as at 2026-06-30"
RELIANCE,RELIANCE INDUSTRIES LTD,Karuna Commercials LLP,Promoter,1091138920,,,,,filing (token+numeric),high,IN,,,,"SEBI LODR Reg 31 shareholding pattern (Table II - Promoter & Promoter Group), as at 2026-06-30"
RELIANCE,RELIANCE INDUSTRIES LTD,Tattvam Enterprises LLP,Promoter,1091138920,,,,,filing (token+numeric),high,IN,,,,"SEBI LODR Reg 31 shareholding pattern (Table II - Promoter & Promoter Group), as at 2026-06-30"
RELIANCE,RELIANCE INDUSTRIES LTD,Reliance Industries Holding Private Ltd,Promoter,608030142,,,,,filing (token+numeric),high,IN,,,,"SEBI LODR Reg 31 shareholding pattern (Table II - Promoter & Promoter Group), as at 2026-06-30"
RELIANCE,RELIANCE INDUSTRIES LTD,Reliance Industrial Investments and Holdings Ltd,Promoter,481884012,,,,,filing (token+numeric),high,IN,,,,"SEBI LODR Reg 31 shareholding pattern (Table II - Promoter & Promoter Group), as at 2026-06-30"
RELIANCE,RELIANCE INDUSTRIES LTD,Reliance Services and Holdings Limited,Promoter,343765640,,,,,filing (token+numeric),high,IN,,,,"SEBI LODR Reg 31 shareholding pattern (Table II - Promoter & Promoter Group), as at 2026-06-30"
RELIANCE,RELIANCE INDUSTRIES LTD,Samarjit Enterprises LLP,Promoter,249250548,,,,,filing (token+numeric),high,IN,,,,"SEBI LODR Reg 31 shareholding pattern (Table II - Promoter & Promoter Group), as at 2026-06-30"
RELIANCE,RELIANCE INDUSTRIES LTD,Sikka Ports & Terminals Limited,Promoter,70000000,,,,,filing (token+numeric),high,IN,,,,"SEBI LODR Reg 31 shareholding pattern (Table II - Promoter & Promoter Group), as at 2026-06-30"
RELIANCE,RELIANCE INDUSTRIES LTD,Shrikrishna Tradecom LLP,Promoter,28675930,,,,,filing (token+numeric),high,IN,,,,"SEBI LODR Reg 31 shareholding pattern (Table II - Promoter & Promoter Group), as at 2026-06-30"
RELIANCE,RELIANCE INDUSTRIES LTD,Shreeji Comtrade LLP,Promoter,28675930,,,,,filing (token+numeric),high,IN,,,,"SEBI LODR Reg 31 shareholding pattern (Table II - Promoter & Promoter Group), as at 2026-06-30"
RELIANCE,RELIANCE INDUSTRIES LTD,Svar Enterprises LLP,Promoter,27178734,,,,,filing (token+numeric),high,IN,,,,"SEBI LODR Reg 31 shareholding pattern (Table II - Promoter & Promoter Group), as at 2026-06-30"
RELIANCE,RELIANCE INDUSTRIES LTD,Reliance Welfare Association,Promoter,10689994,,,,,filing (token+numeric),high,IN,,,,"SEBI LODR Reg 31 shareholding pattern (Table II - Promoter & Promoter Group), as at 2026-06-30"
RELIANCE,RELIANCE INDUSTRIES LTD,Vasuprada Enterprises LLP,Promoter,2631850,,,,,filing (token+numeric),high,IN,,,,"SEBI LODR Reg 31 shareholding pattern (Table II - Promoter & Promoter Group), as at 2026-06-30"
RELIANCE,RELIANCE INDUSTRIES LTD,Exotic Officeinfra Private Limited,Promoter,55348,,,,,filing (token+numeric),high,IN,,,,"SEBI LODR Reg 31 shareholding pattern (Table II - Promoter & Promoter Group), as at 2026-06-30"
RELIANCE,RELIANCE INDUSTRIES LTD,Carat Holdings and Trading Co Pvt Ltd,Promoter,21902,,,,,filing (token+numeric),high,IN,,,,"SEBI LODR Reg 31 shareholding pattern (Table II - Promoter & Promoter Group), as at 2026-06-30"
RELIANCE,RELIANCE INDUSTRIES LTD,Neutron Enterprises Private Limited,Promoter,3698,,,,,filing (token+numeric),high,IN,,,,"SEBI LODR Reg 31 shareholding pattern (Table II - Promoter & Promoter Group), as at 2026-06-30"
RELIANCE,RELIANCE INDUSTRIES LTD,Futura Commercials Private Limited,Promoter,3628,,,,,filing (token+numeric),high,IN,,,,"SEBI LODR Reg 31 shareholding pattern (Table II - Promoter & Promoter Group), as at 2026-06-30"
RELIANCE,RELIANCE INDUSTRIES LTD,Shripal Enterprises LLP,Promoter,432,,,,,filing (token+numeric),high,IN,,,,"SEBI LODR Reg 31 shareholding pattern (Table II - Promoter & Promoter Group), as at 2026-06-30"
RELIANCE,RELIANCE INDUSTRIES LTD,Vishatan Enterprises LLP,Promoter,432,,,,,filing (token+numeric),high,IN,,,,"SEBI LODR Reg 31 shareholding pattern (Table II - Promoter & Promoter Group), as at 2026-06-30"
RELIANCE,RELIANCE INDUSTRIES LTD,Janardan Commercials LLP,Promoter,432,,,,,filing (token+numeric),high,IN,,,,"SEBI LODR Reg 31 shareholding pattern (Table II - Promoter & Promoter Group), as at 2026-06-30"
RELIANCE,RELIANCE INDUSTRIES LTD,Harinarayan Enterprises LLP,Promoter,432,,,,,filing (token+numeric),high,IN,,,,"SEBI LODR Reg 31 shareholding pattern (Table II - Promoter & Promoter Group), as at 2026-06-30"
RELIANCE,RELIANCE INDUSTRIES LTD,Chhatrabhuj Enterprises LLP,Promoter,432,,,,,filing (token+numeric),high,IN,,,,"SEBI LODR Reg 31 shareholding pattern (Table II - Promoter & Promoter Group), as at 2026-06-30"
RELIANCE,RELIANCE INDUSTRIES LTD,Chakresh Enterprises LLP,Promoter,432,,,,,filing (token+numeric),high,IN,,,,"SEBI LODR Reg 31 shareholding pattern (Table II - Promoter & Promoter Group), as at 2026-06-30"
RELIANCE,RELIANCE INDUSTRIES LTD,Chakradhar Commercials LLP,Promoter,432,,,,,filing (token+numeric),high,IN,,,,"SEBI LODR Reg 31 shareholding pattern (Table II - Promoter & Promoter Group), as at 2026-06-30"
RELIANCE,RELIANCE INDUSTRIES LTD,Chakradev Enterprises LLP,Promoter,432,,,,,filing (token+numeric),high,IN,,,,"SEBI LODR Reg 31 shareholding pattern (Table II - Promoter & Promoter Group), as at 2026-06-30"
RELIANCE,RELIANCE INDUSTRIES LTD,Bhuvanesh Enterprises LLP,Promoter,430,,,,,filing (token+numeric),high,IN,,,,"SEBI LODR Reg 31 shareholding pattern (Table II - Promoter & Promoter Group), as at 2026-06-30"
RELIANCE,RELIANCE INDUSTRIES LTD,Kankhal Trading LLP,Promoter,430,,,,,filing (token+numeric),high,IN,,,,"SEBI LODR Reg 31 shareholding pattern (Table II - Promoter & Promoter Group), as at 2026-06-30"
RELIANCE,RELIANCE INDUSTRIES LTD,Pavana Enterprises LLP,Promoter,430,,,,,filing (token+numeric),high,IN,,,,"SEBI LODR Reg 31 shareholding pattern (Table II - Promoter & Promoter Group), as at 2026-06-30"
RELIANCE,RELIANCE INDUSTRIES LTD,Pitambar Enterprises LLP,Promoter,430,,,,,filing (token+numeric),high,IN,,,,"SEBI LODR Reg 31 shareholding pattern (Table II - Promoter & Promoter Group), as at 2026-06-30"
RELIANCE,RELIANCE INDUSTRIES LTD,Rishikesh Enterprises LLP,Promoter,430,,,,,filing (token+numeric),high,IN,,,,"SEBI LODR Reg 31 shareholding pattern (Table II - Promoter & Promoter Group), as at 2026-06-30"
RELIANCE,RELIANCE INDUSTRIES LTD,Taran Enterprises LLP,Promoter,430,,,,,filing (token+numeric),high,IN,,,,"SEBI LODR Reg 31 shareholding pattern (Table II - Promoter & Promoter Group), as at 2026-06-30"
RELIANCE,RELIANCE INDUSTRIES LTD,Trilokesh Commercials LLP,Promoter,430,,,,,filing (token+numeric),high,IN,,,,"SEBI LODR Reg 31 shareholding pattern (Table II - Promoter & Promoter Group), as at 2026-06-30"
RELIANCE,RELIANCE INDUSTRIES LTD,Badri Commercials LLP,Promoter,430,,,,,filing (token+numeric),high,IN,,,,"SEBI LODR Reg 31 shareholding pattern (Table II - Promoter & Promoter Group), as at 2026-06-30"
RELIANCE,RELIANCE INDUSTRIES LTD,Ajitesh Enterprises LLP,Promoter,430,,,,,filing (token+numeric),high,IN,,,,"SEBI LODR Reg 31 shareholding pattern (Table II - Promoter & Promoter Group), as at 2026-06-30"
RELIANCE,RELIANCE INDUSTRIES LTD,Adisesh Enterprises LLP,Promoter,430,,,,,filing (token+numeric),high,IN,,,,"SEBI LODR Reg 31 shareholding pattern (Table II - Promoter & Promoter Group), as at 2026-06-30"
RELIANCE,RELIANCE INDUSTRIES LTD,Abhayaprada Enterprises LLP,Promoter,430,,,,,filing (token+numeric),high,IN,,,,"SEBI LODR Reg 31 shareholding pattern (Table II - Promoter & Promoter Group), as at 2026-06-30"
RELIANCE,RELIANCE INDUSTRIES LTD,Kamalakar Enterprises LLP,Promoter,426,,,,,filing (token+numeric),high,IN,,,,"SEBI LODR Reg 31 shareholding pattern (Table II - Promoter & Promoter Group), as at 2026-06-30"
RELIANCE,RELIANCE INDUSTRIES LTD,Narahari Enterprises LLP,Promoter,426,,,,,filing (token+numeric),high,IN,,,,"SEBI LODR Reg 31 shareholding pattern (Table II - Promoter & Promoter Group), as at 2026-06-30"
RELIANCE,RELIANCE INDUSTRIES LTD,Pinakin Commercials Private Limited,Promoter,216,,,,,filing (token+numeric),high,IN,,,,"SEBI LODR Reg 31 shareholding pattern (Table II - Promoter & Promoter Group), as at 2026-06-30"
RELIANCE,RELIANCE INDUSTRIES LTD,Elakshi Commercials Private Limited,Promoter,216,,,,,filing (token+numeric),high,IN,,,,"SEBI LODR Reg 31 shareholding pattern (Table II - Promoter & Promoter Group), as at 2026-06-30"
RELIANCE,RELIANCE INDUSTRIES LTD,Reliance Life Sciences Private Limited,Promoter,0,,,,,filing (token),high,IN,,,,"SEBI LODR Reg 31 shareholding pattern (Table II - Promoter & Promoter Group), as at 2026-06-30"
RELIANCE,RELIANCE INDUSTRIES LTD,Jamnagar Utilities and Power Private Limited,Promoter,0,,,,,filing (token),high,IN,,,,"SEBI LODR Reg 31 shareholding pattern (Table II - Promoter & Promoter Group), as at 2026-06-30"
RELIANCE,RELIANCE INDUSTRIES LTD,Tiruttani Infralog Private Limited,Promoter,0,,,,,filing (token),high,IN,,,,"SEBI LODR Reg 31 shareholding pattern (Table II - Promoter & Promoter Group), as at 2026-06-30"
RELIANCE,RELIANCE INDUSTRIES LTD,Petroleum Trust through Trustees for sole beneficiary RIIHL,Promoter,0,,,,,filing (token),high,IN,,,,"SEBI LODR Reg 31 shareholding pattern (Table II - Promoter & Promoter Group), as at 2026-06-30"
RELIANCE,RELIANCE INDUSTRIES LTD,Life Insurance Corporation of India,Domestic Insurance,914304756,903673305,906331168,,922278344,rule:insurance+india,high,IN,insurer,insurance_float,,matched by deterministic name rule
RELIANCE,RELIANCE INDUSTRIES LTD,SBI Mutual Fund,Domestic AMC,342332711,332232833,329707863,331701260,335820947,rule:amc+india,high,IN,asset_manager,managed_funds,,matched by deterministic name rule
RELIANCE,RELIANCE INDUSTRIES LTD,Vanguard Group Inc/The,Foreign AMC,295667028,,,,,web,high,US,asset_manager,managed_funds,,https://www.wikidata.org/wiki/Q849363
RELIANCE,RELIANCE INDUSTRIES LTD,Blackrock Inc,Foreign AMC,255773102,,,,,web,high,US,asset_manager,managed_funds,,https://www.sec.gov/Archives/edgar/data/1364742/000119312508041884/d10k.htm
RELIANCE,RELIANCE INDUSTRIES LTD,ICICI Prudential Mutual Fund,Domestic AMC,235353739,209705364,206914608,195485799,222330212,rule:amc+india,high,IN,asset_manager,managed_funds,,matched by deterministic name rule
RELIANCE,RELIANCE INDUSTRIES LTD,NPS Trust,Domestic Pension Fund,205984356,188708249,171432142,,146182446,web,high,IN,pension_fund,pension_assets,,https://www.pfrda.org.in/web/pfrda/intermediaries/registered-intermediaries/nps-trust
RELIANCE,RELIANCE INDUSTRIES LTD,HDFC Mutual Fund,Domestic AMC,130102377,118407782,103922430,91430476,96613308,rule:amc+india,high,IN,asset_manager,managed_funds,,matched by deterministic name rule
RELIANCE,RELIANCE INDUSTRIES LTD,UTI Mutual Fund,Domestic AMC,120268285,114553881,107776331,100068529,103789537,rule:amc+india,high,IN,asset_manager,managed_funds,,matched by deterministic name rule
RELIANCE,RELIANCE INDUSTRIES LTD,Nippon India Mutual Fund,Domestic AMC,116547278,113623629,109503942,102460606,107776331,rule:amc+india,high,IN,asset_manager,managed_funds,,matched by deterministic name rule
RELIANCE,RELIANCE INDUSTRIES LTD,Government Pension Fund Global,Foreign Government,105494998,,,,,web,high,NO,sovereign_wealth_fund,sovereign_assets,,https://en.wikipedia.org/wiki/Government_Pension_Fund_of_Norway
RELIANCE,RELIANCE INDUSTRIES LTD,Kotak Mahindra Mutual Fund,Domestic AMC,52891467,44386306,42127123,45848131,52758574,rule:amc+india,high,IN,asset_manager,managed_funds,,matched by deterministic name rule
RELIANCE,RELIANCE INDUSTRIES LTD,Mirae Asset Mutual Fund,Domestic AMC,48107314,37741650,30299634,32691711,33090390,rule:amc+india,high,IN,asset_manager,managed_funds,,matched by deterministic name rule
RELIANCE,RELIANCE INDUSTRIES LTD,Aditya Birla Sun Life Mutual Fund,Domestic AMC,43987627,46246810,45316558,44120520,44120520,rule:amc+india,high,IN,asset_manager,managed_funds,,matched by deterministic name rule
RELIANCE,RELIANCE INDUSTRIES LTD,Axis Mutual Fund,Domestic AMC,33223283,36014039,39070581,36811398,34818001,rule:amc+india,high,IN,asset_manager,managed_funds,,matched by deterministic name rule
RELIANCE,RELIANCE INDUSTRIES LTD,Franklin Templeton Mutual Fund,Domestic AMC,23123405,22458939,20332649,21528688,20465542,rule:amc+india,high,IN,asset_manager,managed_funds,,matched by deterministic name rule
RELIANCE,RELIANCE INDUSTRIES LTD,Tata Mutual Fund,Domestic AMC,22591833,19136611,20598436,21661581,22326046,rule:amc+india,high,IN,asset_manager,managed_funds,,matched by deterministic name rule
RELIANCE,RELIANCE INDUSTRIES LTD,Bandhan Mutual Fund,Domestic AMC,22193153,20465542,20199756,21262901,20731329,rule:amc+india,high,IN,asset_manager,managed_funds,,matched by deterministic name rule
RELIANCE,RELIANCE INDUSTRIES LTD,Canara Robeco Mutual Fund,Domestic AMC,18737932,18073466,18870825,17940573,18605039,rule:amc+india,high,IN,asset_manager,managed_funds,,matched by deterministic name rule
RELIANCE,RELIANCE INDUSTRIES LTD,DSP Mutual Fund,Domestic AMC,16611642,5847298,6113084,5714405,5980191,rule:amc+india,high,IN,asset_manager,managed_funds,,matched by deterministic name rule
RELIANCE,RELIANCE INDUSTRIES LTD,Invesco Mutual Fund,Domestic AMC,14352458,6777550,7973588,3322328,9302519,rule:amc+india,high,IN,asset_manager,managed_funds,,matched by deterministic name rule
RELIANCE,RELIANCE INDUSTRIES LTD,Edelweiss Mutual Fund,Domestic AMC,11163023,10099878,11960382,11960382,13289313,rule:amc+india,high,IN,asset_manager,managed_funds,,matched by deterministic name rule
RELIANCE,RELIANCE INDUSTRIES LTD,HSBC Mutual Fund,Domestic AMC,10631451,15149817,10365664,9435412,10232771,rule:amc+india,high,IN,asset_manager,managed_funds,,matched by deterministic name rule
RELIANCE,RELIANCE INDUSTRIES LTD,Sundaram Mutual Fund,Domestic AMC,10631451,11960382,12226168,12491955,12491955,rule:amc+india,high,IN,asset_manager,managed_funds,,matched by deterministic name rule
RELIANCE,RELIANCE INDUSTRIES LTD,Baroda BNP Paribas Mutual Fund,Domestic AMC,6910443,7309122,7043336,7176229,7442015,rule:amc+india,high,IN,asset_manager,managed_funds,,matched by deterministic name rule
RELIANCE,RELIANCE INDUSTRIES LTD,PPFAS Mutual Fund,Domestic AMC,5847298,3455221,7840695,7442015,7442015,rule:amc+india,high,IN,asset_manager,managed_funds,,matched by deterministic name rule
SBILIFE,SBI Life Insurance Company Limited,STATE BANK OF INDIA,Promoter,,,,,555000000,filing (token+numeric),high,IN,,,,"SEBI LODR Reg 31 shareholding pattern (Table II - Promoter & Promoter Group), as at 2025-09-30"
SBILIFE,SBI Life Insurance Company Limited,Arunachal Pradesh Rural Bank,Promoter,,,,,0,filing (token),high,IN,,,,"SEBI LODR Reg 31 shareholding pattern (Table II - Promoter & Promoter Group), as at 2025-09-30"
SBILIFE,SBI Life Insurance Company Limited,C-Edge Technologies Limited,Promoter,,,,,0,filing (token),high,IN,,,,"SEBI LODR Reg 31 shareholding pattern (Table II - Promoter & Promoter Group), as at 2025-09-30"
SBILIFE,SBI Life Insurance Company Limited,Chhattisgarh Rajya Gramin Bank,Promoter,,,,,0,filing (token),high,IN,,,,"SEBI LODR Reg 31 shareholding pattern (Table II - Promoter & Promoter Group), as at 2025-09-30"
SBILIFE,SBI Life Insurance Company Limited,Jharkhand Rajya Gramin Bank,Promoter,,,,,0,filing (token),high,IN,,,,"SEBI LODR Reg 31 shareholding pattern (Table II - Promoter & Promoter Group), as at 2025-09-30"
SBILIFE,SBI Life Insurance Company Limited,Meghalaya Rural Bank,Promoter,,,,,0,filing (token),high,IN,,,,"SEBI LODR Reg 31 shareholding pattern (Table II - Promoter & Promoter Group), as at 2025-09-30"
SBILIFE,SBI Life Insurance Company Limited,Mizoram Rural Bank,Promoter,,,,,0,filing (token),high,IN,,,,"SEBI LODR Reg 31 shareholding pattern (Table II - Promoter & Promoter Group), as at 2025-09-30"
SBILIFE,SBI Life Insurance Company Limited,Nagaland Rural Bank,Promoter,,,,,0,filing (token),high,IN,,,,"SEBI LODR Reg 31 shareholding pattern (Table II - Promoter & Promoter Group), as at 2025-09-30"
SBILIFE,SBI Life Insurance Company Limited,Oman India Joint Investment Fund Management Company Private Limited,Promoter,,,,,0,filing (token),high,IN,,,,"SEBI LODR Reg 31 shareholding pattern (Table II - Promoter & Promoter Group), as at 2025-09-30"
SBILIFE,SBI Life Insurance Company Limited,Oman India Joint Investment Fund-Trustee Company Private Limited,Promoter,,,,,0,filing (token),high,IN,,,,"SEBI LODR Reg 31 shareholding pattern (Table II - Promoter & Promoter Group), as at 2025-09-30"
SBILIFE,SBI Life Insurance Company Limited,Rajasthan Gramin Bank,Promoter,,,,,0,filing (token),high,IN,,,,"SEBI LODR Reg 31 shareholding pattern (Table II - Promoter & Promoter Group), as at 2025-09-30"
SBILIFE,SBI Life Insurance Company Limited,SBICAP Securities Limited,Promoter,,,,,0,filing (token),high,IN,,,,"SEBI LODR Reg 31 shareholding pattern (Table II - Promoter & Promoter Group), as at 2025-09-30"
SBILIFE,SBI Life Insurance Company Limited,SBICAP Trustee Company Limited,Promoter,,,,,0,filing (token),high,IN,,,,"SEBI LODR Reg 31 shareholding pattern (Table II - Promoter & Promoter Group), as at 2025-09-30"
SBILIFE,SBI Life Insurance Company Limited,SBI Capital Markets Limited,Promoter,,,,,0,filing (token),high,IN,,,,"SEBI LODR Reg 31 shareholding pattern (Table II - Promoter & Promoter Group), as at 2025-09-30"
SBILIFE,SBI Life Insurance Company Limited,SBI Ventures Limited (Formerly Known as SBICAP Ventures Limited),Promoter,,,,,0,filing (token),high,IN,,,,"SEBI LODR Reg 31 shareholding pattern (Table II - Promoter & Promoter Group), as at 2025-09-30"
SBILIFE,SBI Life Insurance Company Limited,SBI DFHI Limited,Promoter,,,,,0,filing (token),high,IN,,,,"SEBI LODR Reg 31 shareholding pattern (Table II - Promoter & Promoter Group), as at 2025-09-30"
SBILIFE,SBI Life Insurance Company Limited,SBI Foundation,Promoter,,,,,0,filing (token),high,IN,,,,"SEBI LODR Reg 31 shareholding pattern (Table II - Promoter & Promoter Group), as at 2025-09-30"
SBILIFE,SBI Life Insurance Company Limited,SBI Funds Management Limited,Promoter,,,,,0,filing (token),high,IN,,,,"SEBI LODR Reg 31 shareholding pattern (Table II - Promoter & Promoter Group), as at 2025-09-30"
SBILIFE,SBI Life Insurance Company Limited,SBI Funds Management (International) Private Limited,Promoter,,,,,0,filing (token),high,IN,,,,"SEBI LODR Reg 31 shareholding pattern (Table II - Promoter & Promoter Group), as at 2025-09-30"
SBILIFE,SBI Life Insurance Company Limited,SBI General Insurance Company Limited,Promoter,,,,,0,filing (token),high,IN,,,,"SEBI LODR Reg 31 shareholding pattern (Table II - Promoter & Promoter Group), as at 2025-09-30"
SBILIFE,SBI Life Insurance Company Limited,SBI Factors Limited (Formerly Known as SBI Global Factors Limited),Promoter,,,,,0,filing (token),high,IN,,,,"SEBI LODR Reg 31 shareholding pattern (Table II - Promoter & Promoter Group), as at 2025-09-30"
SBILIFE,SBI Life Insurance Company Limited,SBI Macquarie Infrastructure Management Private Limited,Promoter,,,,,0,filing (token),high,IN,,,,"SEBI LODR Reg 31 shareholding pattern (Table II - Promoter & Promoter Group), as at 2025-09-30"
SBILIFE,SBI Life Insurance Company Limited,SBI Macquarie Infrastructure Trustee Private Limited,Promoter,,,,,0,filing (token),high,IN,,,,"SEBI LODR Reg 31 shareholding pattern (Table II - Promoter & Promoter Group), as at 2025-09-30"
SBILIFE,SBI Life Insurance Company Limited,SBI Mutual Fund Trustee Co. Private Limited,Promoter,,,,,0,filing (token),high,IN,,,,"SEBI LODR Reg 31 shareholding pattern (Table II - Promoter & Promoter Group), as at 2025-09-30"
SBILIFE,SBI Life Insurance Company Limited,SBI Payments Services Private Limited,Promoter,,,,,0,filing (token),high,IN,,,,"SEBI LODR Reg 31 shareholding pattern (Table II - Promoter & Promoter Group), as at 2025-09-30"
SBILIFE,SBI Life Insurance Company Limited,SBI Pension Funds Private Limited,Promoter,,,,,0,filing (token),high,IN,,,,"SEBI LODR Reg 31 shareholding pattern (Table II - Promoter & Promoter Group), as at 2025-09-30"
SBILIFE,SBI Life Insurance Company Limited,SBI-SG Global Securities Services Private Limited,Promoter,,,,,0,filing (token),high,IN,,,,"SEBI LODR Reg 31 shareholding pattern (Table II - Promoter & Promoter Group), as at 2025-09-30"
SBILIFE,SBI Life Insurance Company Limited,Telangana Grameena Bank,Promoter,,,,,0,filing (token),high,IN,,,,"SEBI LODR Reg 31 shareholding pattern (Table II - Promoter & Promoter Group), as at 2025-09-30"
SBILIFE,SBI Life Insurance Company Limited,Uttarakhand Gramin Bank,Promoter,,,,,0,filing (token),high,IN,,,,"SEBI LODR Reg 31 shareholding pattern (Table II - Promoter & Promoter Group), as at 2025-09-30"
SBILIFE,SBI Life Insurance Company Limited,Bank of Bhutan Limited,Promoter,,,,,0,filing (token),high,IN,,,,"SEBI LODR Reg 31 shareholding pattern (Table II - Promoter & Promoter Group), as at 2025-09-30"
SBILIFE,SBI Life Insurance Company Limited,"Commercial Indo Bank LLc, Moscow",Promoter,,,,,0,filing (token),high,IN,,,,"SEBI LODR Reg 31 shareholding pattern (Table II - Promoter & Promoter Group), as at 2025-09-30"
SBILIFE,SBI Life Insurance Company Limited,Macquarie SBI Infrastructure Management Pte Ltd,Promoter,,,,,0,filing (token),high,IN,,,,"SEBI LODR Reg 31 shareholding pattern (Table II - Promoter & Promoter Group), as at 2025-09-30"
SBILIFE,SBI Life Insurance Company Limited,Macquarie SBI Infrastructure Trustee Limited,Promoter,,,,,0,filing (token),high,IN,,,,"SEBI LODR Reg 31 shareholding pattern (Table II - Promoter & Promoter Group), as at 2025-09-30"
SBILIFE,SBI Life Insurance Company Limited,Nepal SBI Bank Limited,Promoter,,,,,0,filing (token),high,IN,,,,"SEBI LODR Reg 31 shareholding pattern (Table II - Promoter & Promoter Group), as at 2025-09-30"
SBILIFE,SBI Life Insurance Company Limited,Nepal SBI Merchant Banking Limited,Promoter,,,,,0,filing (token),high,IN,,,,"SEBI LODR Reg 31 shareholding pattern (Table II - Promoter & Promoter Group), as at 2025-09-30"
SBILIFE,SBI Life Insurance Company Limited,PT Bank SBI Indonesia,Promoter,,,,,0,filing (token),high,IN,,,,"SEBI LODR Reg 31 shareholding pattern (Table II - Promoter & Promoter Group), as at 2025-09-30"
SBILIFE,SBI Life Insurance Company Limited,SBI (Mauritius) Limited,Promoter,,,,,0,filing (token),high,IN,,,,"SEBI LODR Reg 31 shareholding pattern (Table II - Promoter & Promoter Group), as at 2025-09-30"
SBILIFE,SBI Life Insurance Company Limited,SBI Canada Bank,Promoter,,,,,0,filing (token),high,IN,,,,"SEBI LODR Reg 31 shareholding pattern (Table II - Promoter & Promoter Group), as at 2025-09-30"
SBILIFE,SBI Life Insurance Company Limited,State Bank of India (California),Promoter,,,,,0,filing (token),high,IN,,,,"SEBI LODR Reg 31 shareholding pattern (Table II - Promoter & Promoter Group), as at 2025-09-30"
SBILIFE,SBI Life Insurance Company Limited,State Bank of India (UK) Limited,Promoter,,,,,0,filing (token),high,IN,,,,"SEBI LODR Reg 31 shareholding pattern (Table II - Promoter & Promoter Group), as at 2025-09-30"
SBILIFE,SBI Life Insurance Company Limited,State Bank of Servicos Limitada,Promoter,,,,,0,filing (token),high,IN,,,,"SEBI LODR Reg 31 shareholding pattern (Table II - Promoter & Promoter Group), as at 2025-09-30"
SBILIFE,SBI Life Insurance Company Limited,Yes Bank Limited,Promoter,,,,,0,filing (token),high,IN,,,,"SEBI LODR Reg 31 shareholding pattern (Table II - Promoter & Promoter Group), as at 2025-09-30"
SBILIFE,SBI Life Insurance Company Limited,State Bank Operations Support Services Private Limited,Promoter,,,,,0,filing (token),high,IN,,,,"SEBI LODR Reg 31 shareholding pattern (Table II - Promoter & Promoter Group), as at 2025-09-30"
SBILIFE,SBI Life Insurance Company Limited,SBI Cards and Payment Services Limited,Promoter,,,,,0,filing (token),high,IN,,,,"SEBI LODR Reg 31 shareholding pattern (Table II - Promoter & Promoter Group), as at 2025-09-30"
SBILIFE,SBI Life Insurance Company Limited,SBI CDMDF Trustee Private Limited,Promoter,,,,,0,filing (token),high,IN,,,,"SEBI LODR Reg 31 shareholding pattern (Table II - Promoter & Promoter Group), as at 2025-09-30"
SBILIFE,SBI Life Insurance Company Limited,SBI Funds International (IFSC) Limited,Promoter,,,,,0,filing (token),high,IN,,,,"SEBI LODR Reg 31 shareholding pattern (Table II - Promoter & Promoter Group), as at 2025-09-30"
SBILIFE,SBI Life Insurance Company Limited,ICICI PRUDENTIAL MUTUAL FUND SCHEMES,Domestic AMC,,,,,150607989,rule:amc+india,high,IN,asset_manager,managed_funds,,matched by deterministic name rule
SBILIFE,SBI Life Insurance Company Limited,HDFC MUTUAL FUND SCHEMES,Domestic AMC,,,,,40680381,rule:amc+india,high,IN,asset_manager,managed_funds,,matched by deterministic name rule
SBILIFE,SBI Life Insurance Company Limited,NIPPON LIFE INDIA MUTUAL FUND SCHEMES,Domestic AMC,,,,,40518952,rule:amc+india,high,IN,asset_manager,managed_funds,,matched by deterministic name rule
SBILIFE,SBI Life Insurance Company Limited,SBI MUTUAL FUND SCHEMES,Domestic AMC,,,,,121567690,rule:amc+india,high,IN,asset_manager,managed_funds,REVIEW,matched by deterministic name rule
SBILIFE,SBI Life Insurance Company Limited,NPS TRUST SCHEMES,Domestic Pension Fund,,,,,137781580,rule:indian-pension-scheme,high,IN,pension_fund,pension_assets,REVIEW,matched by deterministic name rule
SBILIFE,SBI Life Insurance Company Limited,GOVERNMENT OF SINGAPORE,Foreign Government,,,,,213446728,web,high,SG,sovereign_wealth_fund,sovereign_assets,REVIEW,https://ifswf.org/member-profiles/government-singapore-investment-corporation
SBILIFE,SBI Life Insurance Company Limited,MACRITCHIE INVESTMENTS PTE LTD,Foreign corporate,,,,,151000005,web,high,SG,operating_company,own_balance_sheet,REVIEW,https://www.crunchbase.com/organization/macritchie-investments
SBIN,State Bank of India,President of India,Promoter,5569432140,,,,,filing (token+numeric),high,IN,,,,"SEBI LODR Reg 31 shareholding pattern (Table II - Promoter & Promoter Group), as at 2026-06-30"
SHRIRAMFIN,Shriram Finance Limited,Shriram Capital Limited,Promoter,80000000,,,,,filing (token+numeric),high,IN,,,,"SEBI LODR Reg 31 shareholding pattern (Table II - Promoter & Promoter Group), as at 2026-06-30"
TCS,Tata Consultancy Services Limited,Tata sons private limited,Promoter,2595499419,,,,,filing (token+numeric),high,IN,,,,"SEBI LODR Reg 31 shareholding pattern (Table II - Promoter & Promoter Group), as at 2026-06-30"
TCS,Tata Consultancy Services Limited,Tata investment corporation limited,Promoter,1004425,,,,,filing (token+numeric),high,IN,,,,"SEBI LODR Reg 31 shareholding pattern (Table II - Promoter & Promoter Group), as at 2026-06-30"
TCS,Tata Consultancy Services Limited,Tata industries limited,Promoter,7220,,,,,filing (token+numeric),high,IN,,,,"SEBI LODR Reg 31 shareholding pattern (Table II - Promoter & Promoter Group), as at 2026-06-30"
TCS,Tata Consultancy Services Limited,Tata steel limited,Promoter,46798,,,,,filing (token+numeric),high,IN,,,,"SEBI LODR Reg 31 shareholding pattern (Table II - Promoter & Promoter Group), as at 2026-06-30"
TCS,Tata Consultancy Services Limited,The tata power company limited,Promoter,766,,,,,filing (token+numeric),high,IN,,,,"SEBI LODR Reg 31 shareholding pattern (Table II - Promoter & Promoter Group), as at 2026-06-30"
TCS,Tata Consultancy Services Limited,Sbi nifty 50 etf,Domestic AMC,47277357,,,,,rule:indian-fund-scheme,high,IN,asset_manager,managed_funds,,matched by deterministic name rule
TCS,Tata Consultancy Services Limited,Icici prudential value fund,Domestic AMC,38328180,,,,,rule:indian-fund-scheme,high,IN,asset_manager,managed_funds,,matched by deterministic name rule
TCS,Tata Consultancy Services Limited,Lic of india,Domestic Insurance,199698698,,,,,rule:indian-insurer-scheme,high,IN,insurer,insurance_float,,matched by deterministic name rule
TECHM,Tech Mahindra Limited,Mahindra & mahindra limited,Promoter,248022598,,,,,filing (token+numeric),high,IN,,,,"SEBI LODR Reg 31 shareholding pattern (Table II - Promoter & Promoter Group), as at 2026-06-30"
TECHM,Tech Mahindra Limited,Tml benefit trust through puneet renjhen,Promoter,94235629,,,,,filing (token+numeric),high,IN,,,,"SEBI LODR Reg 31 shareholding pattern (Table II - Promoter & Promoter Group), as at 2026-06-30"
TECHM,Tech Mahindra Limited,Mahindra holdings ltd,Promoter,198201,,,,,filing (token+numeric),high,IN,,,,"SEBI LODR Reg 31 shareholding pattern (Table II - Promoter & Promoter Group), as at 2026-06-30"
TECHM,Tech Mahindra Limited,Mahindra-bt investment company (mauritius) limited,Promoter,242904,,,,,filing (token+numeric),high,IN,,,,"SEBI LODR Reg 31 shareholding pattern (Table II - Promoter & Promoter Group), as at 2026-06-30"
TECHM,Tech Mahindra Limited,Sbi nifty 50 etf,Domestic AMC,42893220,,,,,rule:indian-fund-scheme,high,IN,asset_manager,managed_funds,,matched by deterministic name rule
TECHM,Tech Mahindra Limited,Icici prudential technology fund,Domestic AMC,25397459,,,,,rule:indian-fund-scheme,high,IN,asset_manager,managed_funds,,matched by deterministic name rule
TECHM,Tech Mahindra Limited,Kotak flexicap fund,Domestic AMC,17830959,,,,,rule:indian-fund-scheme,high,IN,asset_manager,managed_funds,,matched by deterministic name rule
TECHM,Tech Mahindra Limited,Aditya birla sun life trustee private limited a/c aditya birla sun life flexi cap fund,Domestic AMC,16243708,,,,,rule:indian-fund-trustee,high,IN,asset_manager,managed_funds,,matched by deterministic name rule
TECHM,Tech Mahindra Limited,Uti nifty 50 etf,Domestic AMC,13973765,,,,,rule:indian-fund-scheme,high,IN,asset_manager,managed_funds,,matched by deterministic name rule
TECHM,Tech Mahindra Limited,Nippon life india trustee ltd-a/c nippon india etf nifty 50 bees,Domestic Insurance,12890256,,,,,rule:insurance+india,high,IN,insurer,insurance_float,,matched by deterministic name rule
TECHM,Tech Mahindra Limited,Life insurance corporation of india,Domestic Insurance,108899363,,,,,rule:insurance+india,high,IN,insurer,insurance_float,,matched by deterministic name rule
TECHM,Tech Mahindra Limited,Sbi life insurance co. ltd,Domestic Insurance,10405949,,,,,rule:insurance+india,high,IN,insurer,insurance_float,,matched by deterministic name rule
TECHM,Tech Mahindra Limited,Nps trust- a/c sbi pension fund scheme - state govt,Domestic AMC,19281062,,,,,rule:amc+india,high,IN,asset_manager,managed_funds,,matched by deterministic name rule
TITAN,Titan Company Limited,Tamilnadu industrial development corporation ltd,Promoter,247476720,,,,,filing (token+numeric),high,IN,,,,"SEBI LODR Reg 31 shareholding pattern (Table II - Promoter & Promoter Group), as at 2026-06-30"
TITAN,Titan Company Limited,Tata sons private limited,Promoter,185058900,,,,,filing (token+numeric),high,IN,,,,"SEBI LODR Reg 31 shareholding pattern (Table II - Promoter & Promoter Group), as at 2026-06-30"
TITAN,Titan Company Limited,Tata investment corporation ltd,Promoter,17875640,,,,,filing (token+numeric),high,IN,,,,"SEBI LODR Reg 31 shareholding pattern (Table II - Promoter & Promoter Group), as at 2026-06-30"
TITAN,Titan Company Limited,Tata chemicals limited,Promoter,13826180,,,,,filing (token+numeric),high,IN,,,,"SEBI LODR Reg 31 shareholding pattern (Table II - Promoter & Promoter Group), as at 2026-06-30"
TITAN,Titan Company Limited,Ewart investments limited,Promoter,4964480,,,,,filing (token+numeric),high,IN,,,,"SEBI LODR Reg 31 shareholding pattern (Table II - Promoter & Promoter Group), as at 2026-06-30"
TITAN,Titan Company Limited,Piem hotels limited,Promoter,400000,,,,,filing (token+numeric),high,IN,,,,"SEBI LODR Reg 31 shareholding pattern (Table II - Promoter & Promoter Group), as at 2026-06-30"
TITAN,Titan Company Limited,Sbi nifty 50 etf,Domestic AMC,15999057,,,,,rule:indian-fund-scheme,high,IN,asset_manager,managed_funds,,matched by deterministic name rule
TITAN,Titan Company Limited,Icici prudential balanced advantage fund,Domestic AMC,11184971,,,,,rule:indian-fund-scheme,high,IN,asset_manager,managed_funds,,matched by deterministic name rule
TITAN,Titan Company Limited,Uti nifty 50 etf,Domestic AMC,9851148,,,,,rule:indian-fund-scheme,high,IN,asset_manager,managed_funds,,matched by deterministic name rule
TITAN,Titan Company Limited,Life insurance corporation of india,Domestic Insurance,19224672,,,,,rule:insurance+india,high,IN,insurer,insurance_float,,matched by deterministic name rule
TITAN,Titan Company Limited,Nps trust a/c uti pension fund limited-scheme state govt,Domestic AMC,15386048,,,,,rule:amc+india,high,IN,asset_manager,managed_funds,,matched by deterministic name rule
TITAN,Titan Company Limited,Rekha jhunjhunwala,Individual,47184470,,,,,bloomberg-holder-type,high,IN,,,,deterministic rule
TMPV,Tata Motors Passenger Vehicles Limited,Tata Sons Private Limited,Promoter,1478263541,,,,,filing (token+numeric),high,IN,,,,"SEBI LODR Reg 31 shareholding pattern (Table II - Promoter & Promoter Group), as at 2026-06-30"
TMPV,Tata Motors Passenger Vehicles Limited,Tata Industries Limited,Promoter,72203630,,,,,filing (token+numeric),high,IN,,,,"SEBI LODR Reg 31 shareholding pattern (Table II - Promoter & Promoter Group), as at 2026-06-30"
TMPV,Tata Motors Passenger Vehicles Limited,Tata Investment Corporation Limited,Promoter,11000000,,,,,filing (token+numeric),high,IN,,,,"SEBI LODR Reg 31 shareholding pattern (Table II - Promoter & Promoter Group), as at 2026-06-30"
TMPV,Tata Motors Passenger Vehicles Limited,Ewart Investments Limited,Promoter,3383746,,,,,filing (token+numeric),high,IN,,,,"SEBI LODR Reg 31 shareholding pattern (Table II - Promoter & Promoter Group), as at 2026-06-30"
TMPV,Tata Motors Passenger Vehicles Limited,Tata Chemicals Limited,Promoter,0,,,,,filing (token),high,IN,,,,"SEBI LODR Reg 31 shareholding pattern (Table II - Promoter & Promoter Group), as at 2026-06-30"
TMPV,Tata Motors Passenger Vehicles Limited,The Tata Power Company Limited,Promoter,391803,,,,,filing (token+numeric),high,IN,,,,"SEBI LODR Reg 31 shareholding pattern (Table II - Promoter & Promoter Group), as at 2026-06-30"
TMPV,Tata Motors Passenger Vehicles Limited,Tata Steel Limited,Promoter,100000,,,,,filing (token+numeric),high,IN,,,,"SEBI LODR Reg 31 shareholding pattern (Table II - Promoter & Promoter Group), as at 2026-06-30"
TMPV,Tata Motors Passenger Vehicles Limited,Simto Investment Company Limited,Promoter,59583,,,,,filing (token+numeric),high,IN,,,,"SEBI LODR Reg 31 shareholding pattern (Table II - Promoter & Promoter Group), as at 2026-06-30"
TMPV,Tata Motors Passenger Vehicles Limited,Tata Consumer Products Limited,Promoter,0,,,,,filing (token),high,IN,,,,"SEBI LODR Reg 31 shareholding pattern (Table II - Promoter & Promoter Group), as at 2026-06-30"
TMPV,Tata Motors Passenger Vehicles Limited,Tata Securities Limited,Promoter,400,,,,,filing (token+numeric),high,IN,,,,"SEBI LODR Reg 31 shareholding pattern (Table II - Promoter & Promoter Group), as at 2026-06-30"
TMPV,Tata Motors Passenger Vehicles Limited,"Sir Ratan Tata Trust- NN Tata, V Singh, VSrinivasan, JNTata, DKhambata, JehangirHC",Promoter,0,,,,,filing (token),high,IN,,,,"SEBI LODR Reg 31 shareholding pattern (Table II - Promoter & Promoter Group), as at 2026-06-30"
TMPV,Tata Motors Passenger Vehicles Limited,"Sir Dorabji Tata Trust- NN Tata, VSingh, VSrinivasan, P Jhaveri, Darius Khambata, Neville Tata, B Bhat",Promoter,0,,,,,filing (token),high,IN,,,,"SEBI LODR Reg 31 shareholding pattern (Table II - Promoter & Promoter Group), as at 2026-06-30"
TMPV,Tata Motors Passenger Vehicles Limited,"J R D Tata Trust - NN Tata, V Srinivasan, V Singh, Neville Tata",Promoter,0,,,,,filing (token),high,IN,,,,"SEBI LODR Reg 31 shareholding pattern (Table II - Promoter & Promoter Group), as at 2026-06-30"
TMPV,Tata Motors Passenger Vehicles Limited,"Lady Tata Memorial Trust - Dr. M. Chandy, S Sharma, Prof. K. VijayRaghavan",Promoter,0,,,,,filing (token),high,IN,,,,"SEBI LODR Reg 31 shareholding pattern (Table II - Promoter & Promoter Group), as at 2026-06-30"
TMPV,Tata Motors Passenger Vehicles Limited,Life Insurance Corporation Of India,Domestic Insurance,175104418,,,,,rule:insurance+india,high,IN,insurer,insurance_float,,matched by deterministic name rule
TMPV,Tata Motors Passenger Vehicles Limited,Icici Prudential Value Fund,Domestic AMC,105211286,,,,,rule:indian-fund-scheme,high,IN,asset_manager,managed_funds,,matched by deterministic name rule
TMPV,Tata Motors Passenger Vehicles Limited,Sbi Nifty 50 Etf,Domestic AMC,83539171,,,,,rule:indian-fund-scheme,high,IN,asset_manager,managed_funds,,matched by deterministic name rule
TMPV,Tata Motors Passenger Vehicles Limited,Rekha Jhunjhunwala,Individual,48798260,,,,,bloomberg-holder-type,high,IN,,,,deterministic rule
TMPV,Tata Motors Passenger Vehicles Limited,Tata AIA Life Insurance Company Limited,Domestic Insurance,8481963,,,,,rule:insurance+india,high,IN,insurer,insurance_float,,matched by deterministic name rule
TRENT,Trent Limited,Tata Sons Private Limited,Promoter,173010511,,,,,filing (token+numeric),high,IN,,,,"SEBI LODR Reg 31 shareholding pattern (Table II - Promoter & Promoter Group), as at 2026-06-30"
TRENT,Trent Limited,Tata Investment Corporation Limited,Promoter,22811310,,,,,filing (token+numeric),high,IN,,,,"SEBI LODR Reg 31 shareholding pattern (Table II - Promoter & Promoter Group), as at 2026-06-30"
TRENT,Trent Limited,Ewart Investments Limited,Promoter,1500000,,,,,filing (token+numeric),high,IN,,,,"SEBI LODR Reg 31 shareholding pattern (Table II - Promoter & Promoter Group), as at 2026-06-30"
TRENT,Trent Limited,Titan Company Limited,Promoter,4500,,,,,filing (token+numeric),high,IN,,,,"SEBI LODR Reg 31 shareholding pattern (Table II - Promoter & Promoter Group), as at 2026-06-30"
TRENT,Trent Limited,Siddhartha Yog,Individual,24143271,,,,,bloomberg-holder-type,high,IN,,,,deterministic rule
TRENT,Trent Limited,Life Insurance Corporation Of India,Domestic Insurance,16140270,,,,,rule:insurance+india,high,IN,insurer,insurance_float,,matched by deterministic name rule
TRENT,Trent Limited,ICICI Prudential Balanced Advantage Fund,Domestic AMC,13823877,,,,,rule:indian-fund-scheme,high,IN,asset_manager,managed_funds,,matched by deterministic name rule
TRENT,Trent Limited,Nippon Life India Trustee Ltd-A/C Nippon India Large Cap Fund,Domestic Insurance,12619190,,,,,rule:insurance+india,high,IN,insurer,insurance_float,,matched by deterministic name rule
TRENT,Trent Limited,SBI Nifty 50 ETF,Domestic AMC,11365217,,,,,rule:indian-fund-scheme,high,IN,asset_manager,managed_funds,,matched by deterministic name rule
TRENT,Trent Limited,SBI Life Insurance Co. Ltd,Domestic Insurance,9377583,,,,,rule:insurance+india,high,IN,insurer,insurance_float,,matched by deterministic name rule
TRENT,Trent Limited,NPS Trust A/C UTI Pension Fund Limited-Scheme State Govt,Domestic AMC,9023214,,,,,rule:amc+india,high,IN,asset_manager,managed_funds,,matched by deterministic name rule
TRENT,Trent Limited,UTI Nifty 50 ETF,Domestic AMC,6979226,,,,,rule:indian-fund-scheme,high,IN,asset_manager,managed_funds,,matched by deterministic name rule
ULTRACEMCO,UltraTech Cement Limited,Shri Kumar Mangalam Birla,Promoter,611500,,,,,filing (token+numeric),high,IN,,,,"SEBI LODR Reg 31 shareholding pattern (Table II - Promoter & Promoter Group), as at 2026-06-30"
ULTRACEMCO,UltraTech Cement Limited,Smt. Rajashree Birla,Promoter,41793,,,,,filing (token+numeric),high,IN,,,,"SEBI LODR Reg 31 shareholding pattern (Table II - Promoter & Promoter Group), as at 2026-06-30"
ULTRACEMCO,UltraTech Cement Limited,Aditya Vikram Kumarmangalam Birla HUF,Promoter,10228,,,,,filing (token+numeric),high,IN,,,,"SEBI LODR Reg 31 shareholding pattern (Table II - Promoter & Promoter Group), as at 2026-06-30"
ULTRACEMCO,UltraTech Cement Limited,Advaitesha Birla,Promoter,4300,,,,,filing (token+numeric),high,IN,,,,"SEBI LODR Reg 31 shareholding pattern (Table II - Promoter & Promoter Group), as at 2026-06-30"
ULTRACEMCO,UltraTech Cement Limited,Ananyashree Birla,Promoter,4300,,,,,filing (token+numeric),high,IN,,,,"SEBI LODR Reg 31 shareholding pattern (Table II - Promoter & Promoter Group), as at 2026-06-30"
ULTRACEMCO,UltraTech Cement Limited,Aryaman Vikram Birla,Promoter,4300,,,,,filing (token+numeric),high,IN,,,,"SEBI LODR Reg 31 shareholding pattern (Table II - Promoter & Promoter Group), as at 2026-06-30"
ULTRACEMCO,UltraTech Cement Limited,Smt. Neerja Birla,Promoter,8011,,,,,filing (token+numeric),high,IN,,,,"SEBI LODR Reg 31 shareholding pattern (Table II - Promoter & Promoter Group), as at 2026-06-30"
ULTRACEMCO,UltraTech Cement Limited,Smt. Vasavadatta Bajaj,Promoter,13396,,,,,filing (token+numeric),high,IN,,,,"SEBI LODR Reg 31 shareholding pattern (Table II - Promoter & Promoter Group), as at 2026-06-30"
ULTRACEMCO,UltraTech Cement Limited,Grasim Industries Limited,Promoter,165335150,,,,,filing (token+numeric),high,IN,,,,"SEBI LODR Reg 31 shareholding pattern (Table II - Promoter & Promoter Group), as at 2026-06-30"
ULTRACEMCO,UltraTech Cement Limited,Pilani Investment and Industries Corporation Limited,Promoter,4405944,,,,,filing (token+numeric),high,IN,,,,"SEBI LODR Reg 31 shareholding pattern (Table II - Promoter & Promoter Group), as at 2026-06-30"
ULTRACEMCO,UltraTech Cement Limited,Hindalco Industries Limited,Promoter,1258515,,,,,filing (token+numeric),high,IN,,,,"SEBI LODR Reg 31 shareholding pattern (Table II - Promoter & Promoter Group), as at 2026-06-30"
ULTRACEMCO,UltraTech Cement Limited,Pt. Indo Bharat Rayon,Promoter,2286172,,,,,filing (token+numeric),high,IN,,,,"SEBI LODR Reg 31 shareholding pattern (Table II - Promoter & Promoter Group), as at 2026-06-30"
ULTRACEMCO,UltraTech Cement Limited,Thai Rayon Public Co. Ltd,Promoter,219998,,,,,filing (token+numeric),high,IN,,,,"SEBI LODR Reg 31 shareholding pattern (Table II - Promoter & Promoter Group), as at 2026-06-30"
ULTRACEMCO,UltraTech Cement Limited,Aditya Birla Real Estate Limited,Promoter,146163,,,,,filing (token+numeric),high,IN,,,,"SEBI LODR Reg 31 shareholding pattern (Table II - Promoter & Promoter Group), as at 2026-06-30"
ULTRACEMCO,UltraTech Cement Limited,Pt. Sunrise Bumi Textiles,Promoter,144998,,,,,filing (token+numeric),high,IN,,,,"SEBI LODR Reg 31 shareholding pattern (Table II - Promoter & Promoter Group), as at 2026-06-30"
ULTRACEMCO,UltraTech Cement Limited,Birla Institute of Technology and Science,Promoter,75566,,,,,filing (token+numeric),high,IN,,,,"SEBI LODR Reg 31 shareholding pattern (Table II - Promoter & Promoter Group), as at 2026-06-30"
ULTRACEMCO,UltraTech Cement Limited,Pt. Elegant Textile Industry,Promoter,92428,,,,,filing (token+numeric),high,IN,,,,"SEBI LODR Reg 31 shareholding pattern (Table II - Promoter & Promoter Group), as at 2026-06-30"
ULTRACEMCO,UltraTech Cement Limited,Padmavati Investment Private Limited,Promoter,56336,,,,,filing (token+numeric),high,IN,,,,"SEBI LODR Reg 31 shareholding pattern (Table II - Promoter & Promoter Group), as at 2026-06-30"
ULTRACEMCO,UltraTech Cement Limited,Birla Group Holdings Pvt. Limited,Promoter,69963,,,,,filing (token+numeric),high,IN,,,,"SEBI LODR Reg 31 shareholding pattern (Table II - Promoter & Promoter Group), as at 2026-06-30"
ULTRACEMCO,UltraTech Cement Limited,Century Enka Limited,Promoter,40105,,,,,filing (token+numeric),high,IN,,,,"SEBI LODR Reg 31 shareholding pattern (Table II - Promoter & Promoter Group), as at 2026-06-30"
ULTRACEMCO,UltraTech Cement Limited,Vaibhav Holdings Pvt. Limited,Promoter,76,,,,,filing (token+numeric),high,IN,,,,"SEBI LODR Reg 31 shareholding pattern (Table II - Promoter & Promoter Group), as at 2026-06-30"
ULTRACEMCO,UltraTech Cement Limited,Vikram Holding Pvt. Limited,Promoter,85,,,,,filing (token+numeric),high,IN,,,,"SEBI LODR Reg 31 shareholding pattern (Table II - Promoter & Promoter Group), as at 2026-06-30"
ULTRACEMCO,UltraTech Cement Limited,Rajratna Holdings Pvt. Limited,Promoter,76,,,,,filing (token+numeric),high,IN,,,,"SEBI LODR Reg 31 shareholding pattern (Table II - Promoter & Promoter Group), as at 2026-06-30"
ULTRACEMCO,UltraTech Cement Limited,IGH Holdings Private Limited,Promoter,1,,,,,filing (token+numeric),high,IN,,,,"SEBI LODR Reg 31 shareholding pattern (Table II - Promoter & Promoter Group), as at 2026-06-30"
ULTRACEMCO,UltraTech Cement Limited,Surya Kiran Investments Pte. Ltd,Promoter,572,,,,,filing (token+numeric),high,IN,,,,"SEBI LODR Reg 31 shareholding pattern (Table II - Promoter & Promoter Group), as at 2026-06-30"
ULTRACEMCO,UltraTech Cement Limited,ICICI Prudential Sensex ETF,Domestic AMC,7591888,,,,,rule:indian-fund-scheme,high,IN,asset_manager,managed_funds,,matched by deterministic name rule
ULTRACEMCO,UltraTech Cement Limited,NPS Trust A/C UTI Pension Fund Limited-Scheme Central Government,Domestic AMC,7568236,,,,,rule:amc+india,high,IN,asset_manager,managed_funds,,matched by deterministic name rule
ULTRACEMCO,UltraTech Cement Limited,SBI Arbitrage Opportunities Fund,Domestic AMC,5091349,,,,,rule:indian-fund-scheme,high,IN,asset_manager,managed_funds,,matched by deterministic name rule
ULTRACEMCO,UltraTech Cement Limited,Kotak Mahindra Trustee Co Ltd A/C Kotak Nifty 100 Equity Index Fund,Domestic AMC,3680222,,,,,rule:indian-fund-scheme,high,IN,asset_manager,managed_funds,,matched by deterministic name rule
ULTRACEMCO,UltraTech Cement Limited,LICI New Endowment Plus-Secured Fund,Domestic Insurance,8862483,,,,,rule:indian-insurer-scheme,high,IN,insurer,insurance_float,,matched by deterministic name rule
WIPRO,Wipro Limited,Azim H Premji,Promoter,407860044,,,,,filing (token+numeric),high,IN,,,,"SEBI LODR Reg 31 shareholding pattern (Table II - Promoter & Promoter Group), as at 2026-06-30"
WIPRO,Wipro Limited,Rishad Azim Premji,Promoter,12775239,,,,,filing (token+numeric),high,IN,,,,"SEBI LODR Reg 31 shareholding pattern (Table II - Promoter & Promoter Group), as at 2026-06-30"
WIPRO,Wipro Limited,Tariq Azim Premji,Promoter,12492749,,,,,filing (token+numeric),high,IN,,,,"SEBI LODR Reg 31 shareholding pattern (Table II - Promoter & Promoter Group), as at 2026-06-30"
WIPRO,Wipro Limited,Yasmeen A Premji,Promoter,4830432,,,,,filing (token+numeric),high,IN,,,,"SEBI LODR Reg 31 shareholding pattern (Table II - Promoter & Promoter Group), as at 2026-06-30"
WIPRO,Wipro Limited,Mr Azim Hasham Premji Partner Representing Zash Traders,Promoter,2078093874,,,,,filing (token+numeric),high,IN,,,,"SEBI LODR Reg 31 shareholding pattern (Table II - Promoter & Promoter Group), as at 2026-06-30"
WIPRO,Wipro Limited,Mr Azim Hasham Premji Partner Representing Prazim Traders,Promoter,2038614716,,,,,filing (token+numeric),high,IN,,,,"SEBI LODR Reg 31 shareholding pattern (Table II - Promoter & Promoter Group), as at 2026-06-30"
WIPRO,Wipro Limited,Mr Azim Hasham Premji Partner Representing Hasham Traders,Promoter,1780547328,,,,,filing (token+numeric),high,IN,,,,"SEBI LODR Reg 31 shareholding pattern (Table II - Promoter & Promoter Group), as at 2026-06-30"
WIPRO,Wipro Limited,Azim Premji Trust,Promoter,642061825,,,,,filing (token+numeric),high,IN,,,,"SEBI LODR Reg 31 shareholding pattern (Table II - Promoter & Promoter Group), as at 2026-06-30"
WIPRO,Wipro Limited,Prazim Trading and Investment Company Pvt Ltd,Promoter,182797240,,,,,filing (token+numeric),high,IN,,,,"SEBI LODR Reg 31 shareholding pattern (Table II - Promoter & Promoter Group), as at 2026-06-30"
WIPRO,Wipro Limited,Azim Premji Philanthropic Initiatives Private Limited,Promoter,26163172,,,,,filing (token+numeric),high,IN,,,,"SEBI LODR Reg 31 shareholding pattern (Table II - Promoter & Promoter Group), as at 2026-06-30"
WIPRO,Wipro Limited,Hasham Investment and Trading Co Pvt Ltd,Promoter,2559153,,,,,filing (token+numeric),high,IN,,,,"SEBI LODR Reg 31 shareholding pattern (Table II - Promoter & Promoter Group), as at 2026-06-30"
WIPRO,Wipro Limited,Life Insurance Corporation of India - LIC Index Plus Flexi Smart Growth Fund,Domestic Insurance,266202884,,,,,rule:indian-insurer-scheme,high,IN,insurer,insurance_float,,matched by deterministic name rule
